DATE,AMOUNT,CATEGORY,Store_name,TYPE
2024-01-01,16666.666666666700,Income,Company Payroll,INCOME
2024-01-01,3333.333333333330,Investment,Investment Account,INVESTMENT
2024-01-18,148.68258615773700,Miscellaneous,Gift Shop,EXPENSE
2024-01-20,118.30259617179400,Dining,Restaurant,EXPENSE
2024-01-15,243.42351248678600,Personal Care,Salon,EXPENSE
2024-01-26,220.10886525645100,Miscellaneous,Gift Shop,EXPENSE
2024-01-21,152.59854281353800,Entertainment,Streaming Service,EXPENSE
2024-01-18,149.34765004960600,Transportation,Gas Station,EXPENSE
2024-01-20,206.15168023740300,Healthcare,Pharmacy,EXPENSE
2024-01-17,207.96769544651900,Dining,Cafe,EXPENSE
2024-01-17,284.60432900489200,Dining,Restaurant,EXPENSE
2024-01-14,223.7468010473370,Utilities,Water Supplier,EXPENSE
2024-01-21,69.6704804930968,Shopping,Online Store,EXPENSE
2024-01-05,200.98268297894600,Miscellaneous,General Store,EXPENSE
2024-01-09,244.92488168084900,Healthcare,Pharmacy,EXPENSE
2024-01-03,72.58342985676010,Healthcare,Doctor,EXPENSE
2024-01-27,260.897221490047,Utilities,Electric Company,EXPENSE
2024-01-08,140.53507861032100,Personal Care,Spa,EXPENSE
2024-01-30,186.68367173361900,Shopping,Online Store,EXPENSE
2024-01-06,151.37192633151300,Personal Care,Spa,EXPENSE
2024-01-26,180.15204621489200,Entertainment,Cinema,EXPENSE
2024-01-29,267.614579249096,Dining,Cafe,EXPENSE
2024-01-06,200.102058181659,Groceries,Grocery Store,EXPENSE
2024-01-12,230.71679831102200,Housing,Rent,EXPENSE
2024-01-11,101.99055300348200,Groceries,Supermarket,EXPENSE
2024-01-07,225.6798710463580,Transportation,Gas Station,EXPENSE
2024-01-21,219.4317455099850,Groceries,Supermarket,EXPENSE
2024-01-18,199.27672356880900,Groceries,Grocery Store,EXPENSE
2024-01-15,222.91927588882300,Utilities,Electric Company,EXPENSE
2024-01-07,102.53589015120700,Utilities,Water Supplier,EXPENSE
2024-01-05,117.33688082070900,Entertainment,Cinema,EXPENSE
2024-01-09,296.48106141660300,Housing,Rent,EXPENSE
2024-01-08,244.4480471496780,Utilities,Water Supplier,EXPENSE
2024-01-02,62.172941089632500,Transportation,Public Transit,EXPENSE
2024-01-11,242.4560516165940,Transportation,Car Loan,EXPENSE
2024-01-16,89.09912087135400,Shopping,Mall,EXPENSE
2024-01-22,56.54086180886460,Dining,Restaurant,EXPENSE
2024-01-04,297.9438754667870,Dining,Restaurant,EXPENSE
2024-01-22,176.16427117852400,Groceries,Supermarket,EXPENSE
2024-01-02,145.61874625245200,Housing,Rent,EXPENSE
2024-01-02,227.01384096815100,Dining,Restaurant,EXPENSE
2024-01-02,147.35051826094800,Entertainment,Streaming Service,EXPENSE
2024-01-03,209.78139681812500,Healthcare,Doctor,EXPENSE
2024-01-22,236.5004806713120,Miscellaneous,Gift Shop,EXPENSE
2024-01-24,254.1508539524940,Personal Care,Spa,EXPENSE
2024-01-09,206.88322855077,Entertainment,Cinema,EXPENSE
2024-01-05,126.58781779248300,Housing,Rent,EXPENSE
2024-01-25,220.94564767485000,Entertainment,Streaming Service,EXPENSE
2024-01-21,252.5890764280430,Personal Care,Spa,EXPENSE
2024-01-03,96.23776968513910,Healthcare,Doctor,EXPENSE
2024-01-26,173.3199365794190,Healthcare,Pharmacy,EXPENSE
2024-01-09,153.6211867082000,Utilities,Electric Company,EXPENSE
2024-01-13,255.3215867645260,Utilities,Electric Company,EXPENSE
2024-01-12,249.77209464091400,Miscellaneous,Gift Shop,EXPENSE
2024-01-17,195.03963167568900,Miscellaneous,General Store,EXPENSE
2024-01-05,230.89677879819800,Healthcare,Pharmacy,EXPENSE
2024-01-11,261.17929283070500,Miscellaneous,General Store,EXPENSE
2024-01-23,221.70365673609500,Housing,Rent,EXPENSE
2024-01-27,249.1223427057050,Housing,Rent,EXPENSE
2024-01-25,256.942387885744,Personal Care,Spa,EXPENSE
2024-01-11,178.6019029350520,Dining,Restaurant,EXPENSE
2024-01-07,221.62823471474400,Transportation,Public Transit,EXPENSE
2024-01-13,279.75003278100400,Shopping,Mall,EXPENSE
2024-01-15,84.40939737954270,Groceries,Grocery Store,EXPENSE
2024-01-05,230.82552729224100,Housing,Rent,EXPENSE
2024-01-29,155.02900766032700,Transportation,Gas Station,EXPENSE
2024-01-12,239.7104474857100,Transportation,Car Loan,EXPENSE
2024-01-20,56.30598434273700,Miscellaneous,Gift Shop,EXPENSE
2024-01-27,208.1647492021810,Entertainment,Streaming Service,EXPENSE
2024-01-28,492.6834927685400,Cash Buffer,Bank Account,CASHBUFFER
2024-02-01,16666.666666666700,Income,Company Payroll,INCOME
2024-02-01,3333.333333333330,Investment,Investment Account,INVESTMENT
2024-02-05,140.48124666914700,Housing,Rent,EXPENSE
2024-02-20,288.3968096049190,Miscellaneous,General Store,EXPENSE
2024-02-05,67.91774158677010,Miscellaneous,General Store,EXPENSE
2024-02-21,233.03014955601800,Miscellaneous,Gift Shop,EXPENSE
2024-02-29,236.82647547920200,Entertainment,Streaming Service,EXPENSE
2024-02-06,107.50177988699900,Dining,Restaurant,EXPENSE
2024-02-12,275.91332543851000,Utilities,Electric Company,EXPENSE
2024-02-12,165.1513812788720,Personal Care,Spa,EXPENSE
2024-02-24,66.2828715968568,Transportation,Car Loan,EXPENSE
2024-02-11,259.2898940557600,Miscellaneous,General Store,EXPENSE
2024-02-26,292.92053533741200,Personal Care,Salon,EXPENSE
2024-02-26,273.43846440253800,Healthcare,Pharmacy,EXPENSE
2024-02-05,188.24810964264400,Healthcare,Doctor,EXPENSE
2024-02-20,244.26472116226000,Miscellaneous,Gift Shop,EXPENSE
2024-02-14,162.58042066192100,Healthcare,Pharmacy,EXPENSE
2024-02-16,218.09536017807300,Miscellaneous,Gift Shop,EXPENSE
2024-02-12,158.94933301819100,Utilities,Water Supplier,EXPENSE
2024-02-19,202.65013669006300,Utilities,Electric Company,EXPENSE
2024-02-29,259.7774260690850,Dining,Cafe,EXPENSE
2024-02-19,198.74938631880100,Entertainment,Cinema,EXPENSE
2024-02-14,96.8750755535946,Entertainment,Streaming Service,EXPENSE
2024-02-03,133.75072038031200,Housing,Rent,EXPENSE
2024-02-07,97.34247610244680,Utilities,Water Supplier,EXPENSE
2024-02-17,279.94222250643700,Personal Care,Salon,EXPENSE
2024-02-28,167.1637653273510,Entertainment,Streaming Service,EXPENSE
2024-02-07,230.58732131589000,Groceries,Supermarket,EXPENSE
2024-02-20,101.99324084301200,Shopping,Online Store,EXPENSE
2024-02-05,75.81552596379540,Housing,Rent,EXPENSE
2024-02-11,99.98201772501490,Housing,Rent,EXPENSE
2024-02-26,129.88983443029700,Groceries,Supermarket,EXPENSE
2024-02-10,298.23445427524500,Housing,Rent,EXPENSE
2024-02-28,257.2583249451600,Personal Care,Spa,EXPENSE
2024-02-15,140.28866942906100,Utilities,Electric Company,EXPENSE
2024-02-12,183.30137925619300,Groceries,Supermarket,EXPENSE
2024-02-16,162.5583609623250,Transportation,Car Loan,EXPENSE
2024-02-24,53.43280058179720,Shopping,Online Store,EXPENSE
2024-02-23,262.7764567660260,Shopping,Mall,EXPENSE
2024-02-10,63.50873705429410,Healthcare,Doctor,EXPENSE
2024-02-01,52.638001886975100,Transportation,Gas Station,EXPENSE
2024-02-01,297.0366261702830,Entertainment,Streaming Service,EXPENSE
2024-02-05,206.61662058170600,Dining,Cafe,EXPENSE
2024-02-09,156.00153368721200,Miscellaneous,Gift Shop,EXPENSE
2024-02-06,219.27291816096700,Personal Care,Spa,EXPENSE
2024-02-23,241.61520162131100,Transportation,Gas Station,EXPENSE
2024-02-12,98.18094300119510,Groceries,Grocery Store,EXPENSE
2024-02-16,177.9701389305050,Housing,Rent,EXPENSE
2024-02-02,74.50267139811770,Entertainment,Cinema,EXPENSE
2024-02-28,243.98597536302400,Healthcare,Pharmacy,EXPENSE
2024-02-02,173.75667205692400,Shopping,Mall,EXPENSE
2024-02-23,84.77961354216930,Groceries,Supermarket,EXPENSE
2024-02-06,208.1029037225050,Healthcare,Pharmacy,EXPENSE
2024-02-24,159.19963524393400,Groceries,Grocery Store,EXPENSE
2024-02-28,245.98530238179100,Healthcare,Doctor,EXPENSE
2024-02-29,72.04519378540490,Healthcare,Pharmacy,EXPENSE
2024-02-02,272.59379521393000,Personal Care,Salon,EXPENSE
2024-02-21,214.88329212195000,Shopping,Mall,EXPENSE
2024-02-15,166.20755873442200,Groceries,Grocery Store,EXPENSE
2024-02-09,150.14981799591300,Healthcare,Pharmacy,EXPENSE
2024-02-22,207.93826170435200,Groceries,Supermarket,EXPENSE
2024-02-08,180.75816330022400,Shopping,Mall,EXPENSE
2024-02-07,204.7783028176660,Housing,Rent,EXPENSE
2024-02-04,266.44381513604700,Healthcare,Pharmacy,EXPENSE
2024-02-17,191.62637781745300,Dining,Cafe,EXPENSE
2024-02-22,248.74108685287200,Utilities,Water Supplier,EXPENSE
2024-02-04,198.6242832649630,Entertainment,Cinema,EXPENSE
2024-02-27,231.75035990664500,Entertainment,Streaming Service,EXPENSE
2024-02-17,59.60768935112790,Utilities,Water Supplier,EXPENSE
2024-02-17,68.0052348517093,Housing,Rent,EXPENSE
2024-02-19,201.5823535091880,Personal Care,Salon,EXPENSE
2024-02-16,129.1690715100210,Entertainment,Cinema,EXPENSE
2024-02-27,192.46212721398600,Utilities,Water Supplier,EXPENSE
2024-02-28,561.1548384445540,Cash Buffer,Bank Account,CASHBUFFER
2024-03-01,16666.666666666700,Income,Company Payroll,INCOME
2024-03-01,3333.333333333330,Investment,Investment Account,INVESTMENT
2024-03-24,74.00403672617110,Housing,Rent,EXPENSE
2024-03-26,84.8517099981132,Shopping,Online Store,EXPENSE
2024-03-22,122.23946186884700,Healthcare,Pharmacy,EXPENSE
2024-03-10,225.54424215207700,Personal Care,Salon,EXPENSE
2024-03-04,79.21659554140170,Healthcare,Pharmacy,EXPENSE
2024-03-12,218.67436171519100,Transportation,Public Transit,EXPENSE
2024-03-18,82.71889689835330,Housing,Rent,EXPENSE
2024-03-18,275.0429061572270,Dining,Cafe,EXPENSE
2024-03-17,238.70626250704100,Personal Care,Salon,EXPENSE
2024-03-15,94.36673692385800,Entertainment,Streaming Service,EXPENSE
2024-03-27,99.16195929380050,Miscellaneous,General Store,EXPENSE
2024-03-13,257.14412309985700,Entertainment,Cinema,EXPENSE
2024-03-21,123.77899238209500,Groceries,Grocery Store,EXPENSE
2024-03-06,131.96542543404100,Housing,Rent,EXPENSE
2024-03-20,162.03250773486500,Dining,Cafe,EXPENSE
2024-03-19,270.13033244472000,Miscellaneous,Gift Shop,EXPENSE
2024-03-22,126.41424724555300,Utilities,Electric Company,EXPENSE
2024-03-03,165.55805988907500,Dining,Restaurant,EXPENSE
2024-03-22,134.24729788404800,Entertainment,Streaming Service,EXPENSE
2024-03-16,137.22259297006500,Transportation,Gas Station,EXPENSE
2024-03-03,156.9657329518520,Utilities,Water Supplier,EXPENSE
2024-03-27,221.33334859480500,Shopping,Mall,EXPENSE
2024-03-02,78.96154379529070,Healthcare,Doctor,EXPENSE
2024-03-11,138.9963744447050,Personal Care,Salon,EXPENSE
2024-03-08,121.9530908543770,Healthcare,Pharmacy,EXPENSE
2024-03-12,293.32255185642300,Shopping,Mall,EXPENSE
2024-03-06,153.95458718979000,Entertainment,Cinema,EXPENSE
2024-03-07,188.2308477779340,Miscellaneous,General Store,EXPENSE
2024-03-06,257.1740385826250,Dining,Cafe,EXPENSE
2024-03-23,164.04676607299700,Shopping,Online Store,EXPENSE
2024-03-10,139.569569264055,Utilities,Water Supplier,EXPENSE
2024-03-06,181.23530512344300,Utilities,Electric Company,EXPENSE
2024-03-19,169.82280884858600,Shopping,Online Store,EXPENSE
2024-03-01,65.85249543319710,Housing,Rent,EXPENSE
2024-03-06,196.55758103816200,Personal Care,Spa,EXPENSE
2024-03-16,163.00355932073700,Shopping,Online Store,EXPENSE
2024-03-13,97.67282781500000,Groceries,Grocery Store,EXPENSE
2024-03-31,53.14813938719600,Utilities,Water Supplier,EXPENSE
2024-03-19,249.82720230894400,Transportation,Public Transit,EXPENSE
2024-03-03,86.309151285588,Groceries,Supermarket,EXPENSE
2024-03-13,137.7561454600850,Personal Care,Salon,EXPENSE
2024-03-26,194.70834094062100,Housing,Rent,EXPENSE
2024-03-02,82.41083126282950,Utilities,Electric Company,EXPENSE
2024-03-10,245.07406911034800,Personal Care,Spa,EXPENSE
2024-03-25,131.13605314282900,Utilities,Water Supplier,EXPENSE
2024-03-26,194.77840210694200,Transportation,Car Loan,EXPENSE
2024-03-17,211.99645438412100,Utilities,Water Supplier,EXPENSE
2024-03-26,117.6228320774470,Entertainment,Streaming Service,EXPENSE
2024-03-31,187.32318743451400,Healthcare,Pharmacy,EXPENSE
2024-03-19,229.20040105029100,Utilities,Electric Company,EXPENSE
2024-03-01,145.25440975247500,Shopping,Online Store,EXPENSE
2024-03-20,281.065570123774,Utilities,Water Supplier,EXPENSE
2024-03-02,150.52549993110800,Personal Care,Salon,EXPENSE
2024-03-01,79.1216059495045,Entertainment,Streaming Service,EXPENSE
2024-03-07,176.26787660594000,Housing,Rent,EXPENSE
2024-03-26,108.35934182126900,Miscellaneous,General Store,EXPENSE
2024-03-11,95.59616292649890,Utilities,Electric Company,EXPENSE
2024-03-21,296.5955852480260,Healthcare,Pharmacy,EXPENSE
2024-03-26,238.21679925265100,Transportation,Public Transit,EXPENSE
2024-03-30,97.5717770789478,Housing,Rent,EXPENSE
2024-03-31,199.7586406511520,Groceries,Grocery Store,EXPENSE
2024-03-17,158.15389820059100,Housing,Rent,EXPENSE
2024-03-18,217.17140810043000,Shopping,Mall,EXPENSE
2024-03-06,158.63591136355300,Housing,Rent,EXPENSE
2024-03-08,93.77814158164220,Housing,Rent,EXPENSE
2024-03-19,242.59486938528300,Miscellaneous,General Store,EXPENSE
2024-03-13,173.81141364737600,Utilities,Electric Company,EXPENSE
2024-03-29,152.37033097486300,Shopping,Mall,EXPENSE
2024-03-18,226.40620984210200,Transportation,Public Transit,EXPENSE
2024-03-28,59.23137415405990,Dining,Cafe,EXPENSE
2024-03-05,197.24014227918100,Groceries,Grocery Store,EXPENSE
2024-03-22,282.77952699788100,Utilities,Water Supplier,EXPENSE
2024-03-07,263.15500996776600,Dining,Cafe,EXPENSE
2024-03-16,266.9193673129270,Entertainment,Cinema,EXPENSE
2024-03-29,106.71448007367900,Housing,Rent,EXPENSE
2024-03-03,157.21408199367700,Dining,Cafe,EXPENSE
2024-03-11,101.12144568421400,Entertainment,Cinema,EXPENSE
2024-03-28,594.7374646506310,Cash Buffer,Bank Account,CASHBUFFER
2024-04-01,16666.666666666700,Income,Company Payroll,INCOME
2024-04-01,3333.333333333330,Investment,Investment Account,INVESTMENT
2024-04-28,180.77460054598500,Housing,Rent,EXPENSE
2024-04-30,103.5425670954850,Dining,Cafe,EXPENSE
2024-04-19,281.4970821086130,Healthcare,Pharmacy,EXPENSE
2024-04-14,201.29835269599400,Healthcare,Doctor,EXPENSE
2024-04-10,297.70882128282900,Transportation,Gas Station,EXPENSE
2024-04-02,182.153318682326,Groceries,Supermarket,EXPENSE
2024-04-25,230.6002414554630,Utilities,Electric Company,EXPENSE
2024-04-19,212.65504598127100,Housing,Rent,EXPENSE
2024-04-03,174.27935368086300,Personal Care,Salon,EXPENSE
2024-04-26,167.5775612405940,Dining,Restaurant,EXPENSE
2024-04-18,182.60974495665300,Utilities,Water Supplier,EXPENSE
2024-04-16,238.32889282924000,Personal Care,Spa,EXPENSE
2024-04-09,165.62543016292200,Utilities,Electric Company,EXPENSE
2024-04-04,88.14859696382540,Dining,Cafe,EXPENSE
2024-04-27,255.83892430770400,Groceries,Supermarket,EXPENSE
2024-04-25,173.59195330234600,Utilities,Electric Company,EXPENSE
2024-04-03,272.11269358281700,Transportation,Car Loan,EXPENSE
2024-04-11,145.60916189856800,Utilities,Water Supplier,EXPENSE
2024-04-07,210.62075080060400,Transportation,Public Transit,EXPENSE
2024-04-18,220.94227998197700,Shopping,Mall,EXPENSE
2024-04-15,132.6379172661920,Miscellaneous,Gift Shop,EXPENSE
2024-04-09,84.54833055920610,Dining,Restaurant,EXPENSE
2024-04-13,53.20443462631840,Miscellaneous,General Store,EXPENSE
2024-04-24,155.04091189998400,Personal Care,Spa,EXPENSE
2024-04-08,164.46366589579300,Utilities,Electric Company,EXPENSE
2024-04-01,167.5622203312090,Transportation,Car Loan,EXPENSE
2024-04-05,57.924534404296500,Groceries,Grocery Store,EXPENSE
2024-04-14,248.42440314278300,Healthcare,Pharmacy,EXPENSE
2024-04-21,53.63218848665130,Healthcare,Pharmacy,EXPENSE
2024-04-13,94.7183207407208,Transportation,Public Transit,EXPENSE
2024-04-21,230.3785063407040,Utilities,Water Supplier,EXPENSE
2024-04-22,294.6292736383510,Personal Care,Spa,EXPENSE
2024-04-24,144.03796151495900,Personal Care,Salon,EXPENSE
2024-04-03,85.59415097329740,Shopping,Mall,EXPENSE
2024-04-06,249.80953677942500,Housing,Rent,EXPENSE
2024-04-09,217.82768597418400,Housing,Rent,EXPENSE
2024-04-08,92.4239141131815,Miscellaneous,General Store,EXPENSE
2024-04-03,173.41976851130000,Miscellaneous,General Store,EXPENSE
2024-04-24,84.42071681678920,Entertainment,Streaming Service,EXPENSE
2024-04-25,89.78137138977920,Groceries,Grocery Store,EXPENSE
2024-04-13,134.5038004733420,Housing,Rent,EXPENSE
2024-04-11,239.32873564084400,Housing,Rent,EXPENSE
2024-04-02,58.69921192820250,Miscellaneous,Gift Shop,EXPENSE
2024-04-24,151.27584953778300,Housing,Rent,EXPENSE
2024-04-21,210.5441884529760,Utilities,Water Supplier,EXPENSE
2024-04-30,240.64354957417500,Dining,Cafe,EXPENSE
2024-04-03,266.7497614171190,Miscellaneous,Gift Shop,EXPENSE
2024-04-17,176.67858376356000,Dining,Cafe,EXPENSE
2024-04-13,189.4334794009070,Miscellaneous,General Store,EXPENSE
2024-04-27,238.674193476067,Housing,Rent,EXPENSE
2024-04-23,205.97966595880400,Personal Care,Spa,EXPENSE
2024-04-24,214.09102328957500,Housing,Rent,EXPENSE
2024-04-15,53.47719329600180,Groceries,Grocery Store,EXPENSE
2024-04-09,69.7933718964301,Personal Care,Spa,EXPENSE
2024-04-28,160.54100511500700,Healthcare,Pharmacy,EXPENSE
2024-04-23,90.89677923461810,Shopping,Online Store,EXPENSE
2024-04-26,277.66996144258400,Personal Care,Spa,EXPENSE
2024-04-09,164.36158585776800,Groceries,Grocery Store,EXPENSE
2024-04-05,178.40311191774400,Entertainment,Cinema,EXPENSE
2024-04-15,284.23239992112200,Miscellaneous,General Store,EXPENSE
2024-04-23,205.4074263295250,Miscellaneous,Gift Shop,EXPENSE
2024-04-17,212.40860425383500,Transportation,Public Transit,EXPENSE
2024-04-15,136.63461669068000,Shopping,Mall,EXPENSE
2024-04-11,279.3345977582710,Dining,Restaurant,EXPENSE
2024-04-13,241.26394552671000,Miscellaneous,General Store,EXPENSE
2024-04-23,217.5607061474650,Transportation,Gas Station,EXPENSE
2024-04-25,163.16886435355500,Groceries,Supermarket,EXPENSE
2024-04-03,111.68597316997500,Dining,Restaurant,EXPENSE
2024-04-23,61.33866071445320,Personal Care,Salon,EXPENSE
2024-04-13,136.30737103727900,Personal Care,Salon,EXPENSE
2024-04-21,91.80923011217220,Personal Care,Salon,EXPENSE
2024-04-13,160.487149479136,Personal Care,Salon,EXPENSE
2024-04-04,167.53877148050100,Entertainment,Streaming Service,EXPENSE
2024-04-23,290.798958756157,Dining,Cafe,EXPENSE
2024-04-28,391.61581896779700,Cash Buffer,Bank Account,CASHBUFFER
2024-05-01,16666.666666666700,Income,Company Payroll,INCOME
2024-05-01,3333.333333333330,Investment,Investment Account,INVESTMENT
2024-05-24,142.32679832526600,Groceries,Supermarket,EXPENSE
2024-05-26,194.55968193966900,Utilities,Water Supplier,EXPENSE
2024-05-30,139.4590946208930,Miscellaneous,Gift Shop,EXPENSE
2024-05-22,178.24354916886800,Shopping,Online Store,EXPENSE
2024-05-21,119.44115204053400,Shopping,Mall,EXPENSE
2024-05-28,140.99239960336100,Entertainment,Streaming Service,EXPENSE
2024-05-28,196.25343082000500,Utilities,Electric Company,EXPENSE
2024-05-22,235.27356936293900,Transportation,Public Transit,EXPENSE
2024-05-21,297.95486163345300,Dining,Cafe,EXPENSE
2024-05-23,232.28127815180500,Miscellaneous,Gift Shop,EXPENSE
2024-05-30,219.04001039650000,Housing,Rent,EXPENSE
2024-05-04,121.03592999250100,Dining,Restaurant,EXPENSE
2024-05-09,234.47567423843100,Healthcare,Pharmacy,EXPENSE
2024-05-24,275.5657607864080,Healthcare,Doctor,EXPENSE
2024-05-06,155.054544032436,Housing,Rent,EXPENSE
2024-05-24,219.413400726486,Personal Care,Spa,EXPENSE
2024-05-10,147.32731049624300,Housing,Rent,EXPENSE
2024-05-13,116.9179898106010,Personal Care,Salon,EXPENSE
2024-05-16,207.90756933058700,Miscellaneous,General Store,EXPENSE
2024-05-13,68.75373280278760,Healthcare,Doctor,EXPENSE
2024-05-10,288.79492491192900,Healthcare,Doctor,EXPENSE
2024-05-20,71.5401965546377,Groceries,Supermarket,EXPENSE
2024-05-06,263.4139085526610,Utilities,Water Supplier,EXPENSE
2024-05-06,293.28091585870700,Healthcare,Doctor,EXPENSE
2024-05-17,68.03471153769460,Entertainment,Streaming Service,EXPENSE
2024-05-20,129.33829758479600,Housing,Rent,EXPENSE
2024-05-06,254.29713799793900,Shopping,Online Store,EXPENSE
2024-05-02,137.2568921700830,Shopping,Online Store,EXPENSE
2024-05-03,219.67938786128400,Miscellaneous,General Store,EXPENSE
2024-05-27,188.06697736031200,Groceries,Grocery Store,EXPENSE
2024-05-28,107.3391945163670,Utilities,Water Supplier,EXPENSE
2024-05-03,90.30949255427240,Miscellaneous,Gift Shop,EXPENSE
2024-05-18,162.90103055810000,Entertainment,Streaming Service,EXPENSE
2024-05-16,85.55611327143480,Transportation,Car Loan,EXPENSE
2024-05-19,298.0137830454100,Dining,Cafe,EXPENSE
2024-05-14,103.79937556304100,Housing,Rent,EXPENSE
2024-05-11,248.83475573718700,Transportation,Gas Station,EXPENSE
2024-05-26,71.26586388562220,Groceries,Supermarket,EXPENSE
2024-05-26,248.4614532703620,Healthcare,Doctor,EXPENSE
2024-05-27,165.19193125968600,Dining,Restaurant,EXPENSE
2024-05-02,289.54119699415000,Personal Care,Salon,EXPENSE
2024-05-05,233.77119419589100,Shopping,Mall,EXPENSE
2024-05-03,55.92176820787180,Transportation,Car Loan,EXPENSE
2024-05-15,60.679666090371400,Utilities,Water Supplier,EXPENSE
2024-05-13,288.35351322600600,Utilities,Water Supplier,EXPENSE
2024-05-08,88.84356053510480,Entertainment,Streaming Service,EXPENSE
2024-05-04,97.20383759265330,Shopping,Mall,EXPENSE
2024-05-07,222.50219594212200,Transportation,Gas Station,EXPENSE
2024-05-06,258.6630408921620,Groceries,Grocery Store,EXPENSE
2024-05-17,130.95218498305300,Dining,Cafe,EXPENSE
2024-05-30,195.6345496442490,Miscellaneous,General Store,EXPENSE
2024-05-20,91.96637636712850,Healthcare,Doctor,EXPENSE
2024-05-09,278.861373138858,Miscellaneous,Gift Shop,EXPENSE
2024-05-12,148.0464704745620,Dining,Cafe,EXPENSE
2024-05-19,105.96744276584500,Shopping,Online Store,EXPENSE
2024-05-14,200.55692122463200,Entertainment,Streaming Service,EXPENSE
2024-05-12,293.1574927154710,Groceries,Grocery Store,EXPENSE
2024-05-27,123.24654341261800,Personal Care,Spa,EXPENSE
2024-05-04,112.93976702901200,Personal Care,Spa,EXPENSE
2024-05-20,251.41678751917600,Housing,Rent,EXPENSE
2024-05-08,221.3311045309390,Dining,Cafe,EXPENSE
2024-05-29,211.17820616414400,Utilities,Water Supplier,EXPENSE
2024-05-08,242.82281779456100,Personal Care,Salon,EXPENSE
2024-05-20,166.39309333974600,Groceries,Grocery Store,EXPENSE
2024-05-04,276.604238160307,Miscellaneous,Gift Shop,EXPENSE
2024-05-11,189.74828156148300,Personal Care,Spa,EXPENSE
2024-05-15,186.7765636190130,Dining,Cafe,EXPENSE
2024-05-04,104.65265957093900,Miscellaneous,Gift Shop,EXPENSE
2024-05-28,186.75714187946500,Shopping,Mall,EXPENSE
2024-05-30,129.5296698778450,Personal Care,Spa,EXPENSE
2024-05-06,265.052476198232,Entertainment,Cinema,EXPENSE
2024-05-28,486.6071153544310,Cash Buffer,Bank Account,CASHBUFFER
2024-06-01,16666.666666666700,Income,Company Payroll,INCOME
2024-06-01,3333.333333333330,Investment,Investment Account,INVESTMENT
2024-06-29,157.5396523825780,Transportation,Public Transit,EXPENSE
2024-06-18,57.166447077192200,Utilities,Electric Company,EXPENSE
2024-06-21,106.9806049395400,Entertainment,Cinema,EXPENSE
2024-06-06,210.41928044557500,Dining,Restaurant,EXPENSE
2024-06-16,168.3833631679220,Shopping,Mall,EXPENSE
2024-06-12,118.25185459550300,Miscellaneous,Gift Shop,EXPENSE
2024-06-30,58.72831204788730,Miscellaneous,General Store,EXPENSE
2024-06-27,205.72895617619600,Shopping,Mall,EXPENSE
2024-06-09,74.6584617653099,Groceries,Supermarket,EXPENSE
2024-06-19,205.57711337586900,Transportation,Public Transit,EXPENSE
2024-06-03,254.4019082321850,Miscellaneous,Gift Shop,EXPENSE
2024-06-14,147.02180070896800,Dining,Cafe,EXPENSE
2024-06-07,147.1215666945770,Entertainment,Streaming Service,EXPENSE
2024-06-18,273.6643209423890,Shopping,Online Store,EXPENSE
2024-06-12,95.09947741970560,Transportation,Car Loan,EXPENSE
2024-06-19,278.8165732101680,Miscellaneous,General Store,EXPENSE
2024-06-07,263.582934080025,Utilities,Water Supplier,EXPENSE
2024-06-16,127.72721014233300,Healthcare,Pharmacy,EXPENSE
2024-06-17,223.57058973010800,Miscellaneous,General Store,EXPENSE
2024-06-12,73.00581605101040,Entertainment,Cinema,EXPENSE
2024-06-14,277.7482690828820,Groceries,Supermarket,EXPENSE
2024-06-12,110.23245801678400,Miscellaneous,Gift Shop,EXPENSE
2024-06-07,104.65613613492400,Dining,Cafe,EXPENSE
2024-06-18,233.74174059481700,Utilities,Water Supplier,EXPENSE
2024-06-18,99.49821422847450,Dining,Cafe,EXPENSE
2024-06-08,105.18685310432100,Housing,Rent,EXPENSE
2024-06-04,65.47353264329390,Shopping,Mall,EXPENSE
2024-06-17,239.93605142939400,Dining,Restaurant,EXPENSE
2024-06-18,227.95646144721700,Dining,Cafe,EXPENSE
2024-06-24,69.7072267418096,Personal Care,Spa,EXPENSE
2024-06-16,235.2109260678670,Healthcare,Pharmacy,EXPENSE
2024-06-20,245.04780052987900,Groceries,Supermarket,EXPENSE
2024-06-24,271.8261489420890,Miscellaneous,General Store,EXPENSE
2024-06-01,172.64118590535000,Groceries,Supermarket,EXPENSE
2024-06-18,233.3553875498970,Utilities,Electric Company,EXPENSE
2024-06-04,122.11582039735000,Utilities,Electric Company,EXPENSE
2024-06-21,244.46275975926700,Dining,Cafe,EXPENSE
2024-06-02,270.49355275491100,Transportation,Car Loan,EXPENSE
2024-06-15,117.35914492146800,Utilities,Electric Company,EXPENSE
2024-06-28,119.53800484065000,Entertainment,Streaming Service,EXPENSE
2024-06-05,271.3294810989210,Dining,Restaurant,EXPENSE
2024-06-05,135.53386278179300,Utilities,Electric Company,EXPENSE
2024-06-28,111.1896152475510,Housing,Rent,EXPENSE
2024-06-23,70.17371897210630,Utilities,Water Supplier,EXPENSE
2024-06-26,196.1320906373580,Dining,Restaurant,EXPENSE
2024-06-26,193.18197593451700,Shopping,Online Store,EXPENSE
2024-06-21,217.34564898843000,Entertainment,Streaming Service,EXPENSE
2024-06-16,84.3074215624018,Entertainment,Cinema,EXPENSE
2024-06-25,185.21745291534000,Housing,Rent,EXPENSE
2024-06-29,157.4080012380500,Transportation,Gas Station,EXPENSE
2024-06-08,194.76191401466900,Personal Care,Salon,EXPENSE
2024-06-13,168.9721376087940,Utilities,Water Supplier,EXPENSE
2024-06-11,137.44211351640200,Entertainment,Streaming Service,EXPENSE
2024-06-18,126.67903307332400,Housing,Rent,EXPENSE
2024-06-02,77.31786380720240,Personal Care,Spa,EXPENSE
2024-06-06,270.96928501711100,Entertainment,Streaming Service,EXPENSE
2024-06-16,198.71561342192300,Shopping,Mall,EXPENSE
2024-06-11,214.00143861831100,Shopping,Online Store,EXPENSE
2024-06-04,264.33700545679700,Transportation,Gas Station,EXPENSE
2024-06-01,56.15494782736910,Transportation,Gas Station,EXPENSE
2024-06-16,199.25001515673000,Miscellaneous,General Store,EXPENSE
2024-06-16,102.91328240216800,Housing,Rent,EXPENSE
2024-06-12,76.45996727462030,Housing,Rent,EXPENSE
2024-06-24,146.09804961190500,Utilities,Electric Company,EXPENSE
2024-06-20,291.99616643313300,Dining,Restaurant,EXPENSE
2024-06-02,256.7377213524040,Transportation,Gas Station,EXPENSE
2024-06-29,259.9966804080190,Utilities,Electric Company,EXPENSE
2024-06-13,74.5183954181662,Entertainment,Cinema,EXPENSE
2024-06-17,259.44868842574600,Personal Care,Salon,EXPENSE
2024-06-06,255.789378761664,Shopping,Online Store,EXPENSE
2024-06-15,190.96689311054100,Shopping,Online Store,EXPENSE
2024-06-17,224.06220103502500,Utilities,Electric Company,EXPENSE
2024-06-13,84.76239413439960,Miscellaneous,Gift Shop,EXPENSE
2024-06-12,296.59638104377300,Groceries,Grocery Store,EXPENSE
2024-06-28,468.9325787489890,Cash Buffer,Bank Account,CASHBUFFER
2024-07-01,16666.666666666700,Income,Company Payroll,INCOME
2024-07-01,3333.333333333330,Investment,Investment Account,INVESTMENT
2024-07-08,159.37560775847400,Housing,Rent,EXPENSE
2024-07-26,76.29488421975350,Transportation,Gas Station,EXPENSE
2024-07-22,297.5908269255190,Groceries,Grocery Store,EXPENSE
2024-07-27,98.7948623592998,Miscellaneous,General Store,EXPENSE
2024-07-26,279.31569806523700,Healthcare,Pharmacy,EXPENSE
2024-07-07,94.93847668593170,Housing,Rent,EXPENSE
2024-07-19,110.50535165251400,Transportation,Public Transit,EXPENSE
2024-07-10,145.9422834487410,Miscellaneous,General Store,EXPENSE
2024-07-15,110.48833150827600,Dining,Restaurant,EXPENSE
2024-07-16,256.728820185719,Entertainment,Streaming Service,EXPENSE
2024-07-31,233.88096188629200,Personal Care,Spa,EXPENSE
2024-07-30,55.06968250968700,Groceries,Supermarket,EXPENSE
2024-07-12,118.26376052637900,Dining,Cafe,EXPENSE
2024-07-11,205.42171799510100,Groceries,Supermarket,EXPENSE
2024-07-22,182.67417272140500,Entertainment,Streaming Service,EXPENSE
2024-07-09,76.76596205878070,Utilities,Water Supplier,EXPENSE
2024-07-02,69.08364164735670,Transportation,Public Transit,EXPENSE
2024-07-06,290.61799510179,Groceries,Supermarket,EXPENSE
2024-07-30,79.03428759839330,Miscellaneous,Gift Shop,EXPENSE
2024-07-22,102.22623078766000,Housing,Rent,EXPENSE
2024-07-01,129.38470749422000,Entertainment,Streaming Service,EXPENSE
2024-07-07,163.7537534435370,Dining,Cafe,EXPENSE
2024-07-16,81.71575477771480,Entertainment,Cinema,EXPENSE
2024-07-16,112.95825971540300,Dining,Cafe,EXPENSE
2024-07-24,221.69345021108000,Groceries,Supermarket,EXPENSE
2024-07-18,163.88699808475500,Shopping,Online Store,EXPENSE
2024-07-04,75.5580787211789,Entertainment,Cinema,EXPENSE
2024-07-04,126.82424736483100,Utilities,Water Supplier,EXPENSE
2024-07-02,182.8999538898770,Personal Care,Salon,EXPENSE
2024-07-03,166.32493319641200,Miscellaneous,General Store,EXPENSE
2024-07-08,99.40200582003170,Entertainment,Cinema,EXPENSE
2024-07-19,269.5707460074120,Housing,Rent,EXPENSE
2024-07-05,92.38472193514720,Dining,Cafe,EXPENSE
2024-07-08,60.1898637272092,Transportation,Gas Station,EXPENSE
2024-07-29,280.97789121581700,Miscellaneous,Gift Shop,EXPENSE
2024-07-25,244.08261864446200,Miscellaneous,General Store,EXPENSE
2024-07-23,239.69405867474500,Miscellaneous,General Store,EXPENSE
2024-07-31,183.54577868037700,Entertainment,Streaming Service,EXPENSE
2024-07-05,155.26082154535300,Personal Care,Salon,EXPENSE
2024-07-24,176.90410183988900,Dining,Cafe,EXPENSE
2024-07-04,171.83773413243800,Utilities,Electric Company,EXPENSE
2024-07-25,62.49101348172880,Healthcare,Pharmacy,EXPENSE
2024-07-06,148.65556170096800,Transportation,Gas Station,EXPENSE
2024-07-21,92.29506425549960,Miscellaneous,Gift Shop,EXPENSE
2024-07-05,64.18411200171420,Personal Care,Spa,EXPENSE
2024-07-09,245.93076673029200,Groceries,Grocery Store,EXPENSE
2024-07-08,215.3967735339590,Personal Care,Salon,EXPENSE
2024-07-06,239.29050527435000,Transportation,Car Loan,EXPENSE
2024-07-15,259.84683755115700,Utilities,Water Supplier,EXPENSE
2024-07-27,147.0719469376610,Housing,Rent,EXPENSE
2024-07-10,64.450275210274,Shopping,Mall,EXPENSE
2024-07-27,217.93012830493000,Groceries,Grocery Store,EXPENSE
2024-07-03,66.09001476195270,Groceries,Supermarket,EXPENSE
2024-07-19,275.62996671679500,Healthcare,Doctor,EXPENSE
2024-07-03,281.9844362648120,Miscellaneous,Gift Shop,EXPENSE
2024-07-22,104.61698059263100,Shopping,Mall,EXPENSE
2024-07-25,196.90881536839000,Transportation,Gas Station,EXPENSE
2024-07-24,172.53094198828700,Entertainment,Streaming Service,EXPENSE
2024-07-21,123.15079492865800,Shopping,Mall,EXPENSE
2024-07-15,251.75742219688900,Entertainment,Streaming Service,EXPENSE
2024-07-17,63.08303537371790,Transportation,Car Loan,EXPENSE
2024-07-16,167.75913898400700,Transportation,Car Loan,EXPENSE
2024-07-25,71.32316565599620,Entertainment,Streaming Service,EXPENSE
2024-07-18,298.5999063208920,Healthcare,Pharmacy,EXPENSE
2024-07-23,69.24168877180480,Utilities,Water Supplier,EXPENSE
2024-07-18,132.909216798076,Miscellaneous,Gift Shop,EXPENSE
2024-07-26,101.52513152714800,Housing,Rent,EXPENSE
2024-07-03,263.5307728487850,Entertainment,Cinema,EXPENSE
2024-07-01,97.2227744667099,Utilities,Electric Company,EXPENSE
2024-07-29,56.74892897284480,Housing,Rent,EXPENSE
2024-07-09,70.58350828012500,Entertainment,Streaming Service,EXPENSE
2024-07-02,126.88547931541200,Shopping,Mall,EXPENSE
2024-07-23,164.33750536999000,Miscellaneous,Gift Shop,EXPENSE
2024-07-19,78.99206895904490,Dining,Cafe,EXPENSE
2024-07-19,171.27853611075700,Transportation,Public Transit,EXPENSE
2024-07-07,66.53189859958030,Entertainment,Cinema,EXPENSE
2024-07-01,135.94560984406000,Transportation,Gas Station,EXPENSE
2024-07-27,225.6998485505230,Healthcare,Doctor,EXPENSE
2024-07-11,80.69683747781190,Shopping,Online Store,EXPENSE
2024-07-27,123.78838635889500,Utilities,Electric Company,EXPENSE
2024-07-31,262.41179984954,Miscellaneous,General Store,EXPENSE
2024-07-14,89.28973371324380,Personal Care,Spa,EXPENSE
2024-07-07,236.1108157507760,Personal Care,Spa,EXPENSE
2024-07-28,506.7611528684470,Cash Buffer,Bank Account,CASHBUFFER
2024-08-01,16666.666666666700,Income,Company Payroll,INCOME
2024-08-01,3333.333333333330,Investment,Investment Account,INVESTMENT
2024-08-23,178.06006110356700,Healthcare,Pharmacy,EXPENSE
2024-08-02,263.4213553372340,Groceries,Grocery Store,EXPENSE
2024-08-12,115.08513184907400,Shopping,Mall,EXPENSE
2024-08-24,138.13619215267700,Groceries,Supermarket,EXPENSE
2024-08-22,230.09468207078900,Miscellaneous,Gift Shop,EXPENSE
2024-08-08,124.76286475126400,Utilities,Electric Company,EXPENSE
2024-08-25,125.6236250466420,Dining,Restaurant,EXPENSE
2024-08-05,214.4909359900990,Healthcare,Pharmacy,EXPENSE
2024-08-09,202.51020770059300,Groceries,Grocery Store,EXPENSE
2024-08-15,116.6700858616460,Dining,Cafe,EXPENSE
2024-08-26,269.86993462512700,Dining,Cafe,EXPENSE
2024-08-24,213.12388223075200,Entertainment,Cinema,EXPENSE
2024-08-25,89.36088724090420,Shopping,Mall,EXPENSE
2024-08-09,60.93232848615470,Utilities,Electric Company,EXPENSE
2024-08-29,234.6510388114890,Housing,Rent,EXPENSE
2024-08-13,259.46978091678100,Transportation,Public Transit,EXPENSE
2024-08-11,243.55387693378200,Entertainment,Streaming Service,EXPENSE
2024-08-25,152.35764381602500,Utilities,Electric Company,EXPENSE
2024-08-06,57.187970528526000,Groceries,Supermarket,EXPENSE
2024-08-10,214.49565281642200,Transportation,Car Loan,EXPENSE
2024-08-24,215.31193734766600,Groceries,Grocery Store,EXPENSE
2024-08-14,83.47774379775430,Miscellaneous,General Store,EXPENSE
2024-08-20,117.51955475403800,Entertainment,Streaming Service,EXPENSE
2024-08-18,280.364809086631,Personal Care,Salon,EXPENSE
2024-08-30,286.5962693361920,Utilities,Water Supplier,EXPENSE
2024-08-04,100.40114038171200,Healthcare,Pharmacy,EXPENSE
2024-08-16,132.5951506950950,Miscellaneous,General Store,EXPENSE
2024-08-04,80.05419181244610,Miscellaneous,General Store,EXPENSE
2024-08-06,161.9433687025260,Transportation,Car Loan,EXPENSE
2024-08-09,237.9545096623340,Miscellaneous,General Store,EXPENSE
2024-08-10,89.45815715928790,Miscellaneous,Gift Shop,EXPENSE
2024-08-26,187.21268302291200,Groceries,Grocery Store,EXPENSE
2024-08-27,224.807842343548,Miscellaneous,General Store,EXPENSE
2024-08-29,214.66467839064900,Dining,Cafe,EXPENSE
2024-08-30,72.15582872296790,Transportation,Public Transit,EXPENSE
2024-08-28,192.5266478167470,Dining,Restaurant,EXPENSE
2024-08-10,148.57582824439800,Groceries,Supermarket,EXPENSE
2024-08-11,152.8748735223770,Transportation,Gas Station,EXPENSE
2024-08-07,261.4574878735190,Shopping,Online Store,EXPENSE
2024-08-07,110.8353457441340,Entertainment,Streaming Service,EXPENSE
2024-08-08,185.3847849718810,Healthcare,Pharmacy,EXPENSE
2024-08-22,165.91260155132400,Healthcare,Doctor,EXPENSE
2024-08-09,176.96610654017500,Groceries,Grocery Store,EXPENSE
2024-08-26,118.18350671052,Healthcare,Doctor,EXPENSE
2024-08-14,282.6851648590270,Entertainment,Cinema,EXPENSE
2024-08-03,184.80645577926000,Utilities,Electric Company,EXPENSE
2024-08-29,158.63759776278000,Healthcare,Pharmacy,EXPENSE
2024-08-13,84.99712535898800,Miscellaneous,Gift Shop,EXPENSE
2024-08-26,246.0222937686320,Shopping,Online Store,EXPENSE
2024-08-16,189.69939854597300,Groceries,Supermarket,EXPENSE
2024-08-31,88.60454668017040,Groceries,Supermarket,EXPENSE
2024-08-20,180.3695058688380,Entertainment,Cinema,EXPENSE
2024-08-26,263.23548020847300,Dining,Restaurant,EXPENSE
2024-08-05,87.19276837651440,Personal Care,Spa,EXPENSE
2024-08-26,159.15668922472700,Personal Care,Spa,EXPENSE
2024-08-30,80.84867737572700,Entertainment,Streaming Service,EXPENSE
2024-08-05,259.30692427264800,Shopping,Mall,EXPENSE
2024-08-10,227.30442430309300,Personal Care,Salon,EXPENSE
2024-08-20,161.15668032466400,Transportation,Gas Station,EXPENSE
2024-08-14,217.21219792280200,Transportation,Car Loan,EXPENSE
2024-08-11,108.9012846157720,Shopping,Online Store,EXPENSE
2024-08-23,295.0937980297230,Healthcare,Doctor,EXPENSE
2024-08-31,243.83823760782000,Shopping,Mall,EXPENSE
2024-08-10,200.190484625487,Miscellaneous,Gift Shop,EXPENSE
2024-08-18,129.59588354879000,Utilities,Electric Company,EXPENSE
2024-08-13,111.34634176421600,Entertainment,Cinema,EXPENSE
2024-08-09,200.53799357314000,Personal Care,Salon,EXPENSE
2024-08-26,75.41319939911690,Healthcare,Doctor,EXPENSE
2024-08-13,246.6005840000480,Healthcare,Doctor,EXPENSE
2024-08-29,75.59037911475280,Shopping,Mall,EXPENSE
2024-08-10,108.5713872036800,Transportation,Public Transit,EXPENSE
2024-08-02,73.32324698401180,Transportation,Car Loan,EXPENSE
2024-08-15,262.84929337373400,Entertainment,Streaming Service,EXPENSE
2024-08-01,163.73360208955200,Utilities,Water Supplier,EXPENSE
2024-08-28,665.4185003107980,Cash Buffer,Bank Account,CASHBUFFER
2024-09-01,16666.666666666700,Income,Company Payroll,INCOME
2024-09-01,3333.333333333330,Investment,Investment Account,INVESTMENT
2024-09-09,101.8478715294400,Utilities,Electric Company,EXPENSE
2024-09-07,234.3207611144290,Groceries,Supermarket,EXPENSE
2024-09-25,104.86757558747100,Entertainment,Cinema,EXPENSE
2024-09-02,268.64806378487900,Housing,Rent,EXPENSE
2024-09-18,164.73472791523600,Entertainment,Streaming Service,EXPENSE
2024-09-25,206.94811568145600,Entertainment,Cinema,EXPENSE
2024-09-20,222.72669182556300,Shopping,Online Store,EXPENSE
2024-09-27,282.9347944721840,Housing,Rent,EXPENSE
2024-09-24,227.18453246272100,Healthcare,Doctor,EXPENSE
2024-09-29,217.31559450071100,Dining,Restaurant,EXPENSE
2024-09-25,225.7539062902900,Housing,Rent,EXPENSE
2024-09-11,273.2330901750800,Shopping,Online Store,EXPENSE
2024-09-19,57.38761858846530,Shopping,Mall,EXPENSE
2024-09-21,112.53251473982800,Utilities,Electric Company,EXPENSE
2024-09-30,222.7867395069840,Transportation,Car Loan,EXPENSE
2024-09-04,165.04031653597900,Utilities,Water Supplier,EXPENSE
2024-09-10,265.21207673141900,Transportation,Gas Station,EXPENSE
2024-09-11,147.80295649544300,Personal Care,Spa,EXPENSE
2024-09-25,163.3991271458750,Shopping,Mall,EXPENSE
2024-09-19,220.29697263210500,Entertainment,Cinema,EXPENSE
2024-09-29,164.54514501065200,Personal Care,Spa,EXPENSE
2024-09-03,111.71202512976200,Miscellaneous,Gift Shop,EXPENSE
2024-09-21,173.94856790112500,Dining,Restaurant,EXPENSE
2024-09-18,207.28015794922200,Transportation,Public Transit,EXPENSE
2024-09-17,296.8339323270730,Transportation,Gas Station,EXPENSE
2024-09-05,287.44960232798000,Groceries,Grocery Store,EXPENSE
2024-09-09,283.9977676661330,Miscellaneous,General Store,EXPENSE
2024-09-23,223.92902734464800,Groceries,Supermarket,EXPENSE
2024-09-30,209.89817431113300,Shopping,Mall,EXPENSE
2024-09-30,80.47976343264120,Entertainment,Cinema,EXPENSE
2024-09-19,84.0980946148646,Housing,Rent,EXPENSE
2024-09-22,232.0998100509090,Utilities,Electric Company,EXPENSE
2024-09-11,249.27773540129400,Shopping,Mall,EXPENSE
2024-09-30,172.9843478910610,Utilities,Water Supplier,EXPENSE
2024-09-20,278.28298185888400,Utilities,Electric Company,EXPENSE
2024-09-26,108.85462628265100,Miscellaneous,General Store,EXPENSE
2024-09-04,180.77170013070500,Entertainment,Cinema,EXPENSE
2024-09-27,151.75181273821400,Shopping,Online Store,EXPENSE
2024-09-19,88.39463918605160,Dining,Cafe,EXPENSE
2024-09-22,71.60293021010920,Housing,Rent,EXPENSE
2024-09-01,199.78115945187000,Healthcare,Doctor,EXPENSE
2024-09-29,59.222235368430900,Utilities,Water Supplier,EXPENSE
2024-09-10,171.55877976991200,Housing,Rent,EXPENSE
2024-09-05,190.32296351898300,Entertainment,Cinema,EXPENSE
2024-09-15,236.45623984657500,Shopping,Online Store,EXPENSE
2024-09-17,164.13652441142400,Shopping,Mall,EXPENSE
2024-09-23,209.67083389591500,Entertainment,Streaming Service,EXPENSE
2024-09-11,187.18286760696400,Groceries,Grocery Store,EXPENSE
2024-09-04,62.23332742699140,Dining,Restaurant,EXPENSE
2024-09-17,143.66383683770200,Dining,Cafe,EXPENSE
2024-09-27,175.96010141493900,Personal Care,Salon,EXPENSE
2024-09-14,152.52932035653000,Dining,Restaurant,EXPENSE
2024-09-07,133.98649290495500,Entertainment,Cinema,EXPENSE
2024-09-25,52.75011102199460,Transportation,Public Transit,EXPENSE
2024-09-28,209.8451458196630,Dining,Restaurant,EXPENSE
2024-09-04,234.46399003081700,Dining,Restaurant,EXPENSE
2024-09-03,227.2320026526710,Housing,Rent,EXPENSE
2024-09-13,118.1858794672550,Personal Care,Spa,EXPENSE
2024-09-23,144.13452703902800,Miscellaneous,Gift Shop,EXPENSE
2024-09-03,162.12526775728200,Entertainment,Streaming Service,EXPENSE
2024-09-26,103.5921527294360,Dining,Cafe,EXPENSE
2024-09-13,183.1439191616070,Groceries,Supermarket,EXPENSE
2024-09-30,129.49013206611600,Transportation,Car Loan,EXPENSE
2024-09-30,252.3468477768150,Miscellaneous,Gift Shop,EXPENSE
2024-09-16,91.48568140654060,Dining,Cafe,EXPENSE
2024-09-15,278.5672150453020,Housing,Rent,EXPENSE
2024-09-12,57.87182806831690,Personal Care,Spa,EXPENSE
2024-09-20,264.75041405663100,Utilities,Water Supplier,EXPENSE
2024-09-08,205.58227846996500,Dining,Cafe,EXPENSE
2024-09-22,231.36791926952700,Entertainment,Cinema,EXPENSE
2024-09-18,205.70280936023400,Groceries,Supermarket,EXPENSE
2024-09-28,550.8236398422690,Cash Buffer,Bank Account,CASHBUFFER
2024-10-01,16666.666666666700,Income,Company Payroll,INCOME
2024-10-01,3333.333333333330,Investment,Investment Account,INVESTMENT
2024-10-28,190.73041556532800,Entertainment,Cinema,EXPENSE
2024-10-15,146.95985741828300,Entertainment,Cinema,EXPENSE
2024-10-18,147.5997526836470,Healthcare,Doctor,EXPENSE
2024-10-12,262.03715156703200,Groceries,Grocery Store,EXPENSE
2024-10-18,264.16704201222000,Shopping,Online Store,EXPENSE
2024-10-17,240.92589576559300,Entertainment,Cinema,EXPENSE
2024-10-20,290.0678153780670,Healthcare,Pharmacy,EXPENSE
2024-10-29,206.90244910489500,Groceries,Supermarket,EXPENSE
2024-10-05,175.9415305149570,Healthcare,Doctor,EXPENSE
2024-10-21,60.85563272535780,Healthcare,Doctor,EXPENSE
2024-10-08,220.68709225983500,Shopping,Online Store,EXPENSE
2024-10-24,65.74147196320120,Groceries,Supermarket,EXPENSE
2024-10-15,67.63138671786610,Groceries,Grocery Store,EXPENSE
2024-10-05,239.8089525069880,Housing,Rent,EXPENSE
2024-10-09,197.60238103450500,Utilities,Water Supplier,EXPENSE
2024-10-09,115.40798076857500,Groceries,Supermarket,EXPENSE
2024-10-08,271.4230953390000,Dining,Restaurant,EXPENSE
2024-10-31,229.14477003210900,Entertainment,Streaming Service,EXPENSE
2024-10-02,106.9102451266710,Personal Care,Salon,EXPENSE
2024-10-21,133.29444498656800,Personal Care,Salon,EXPENSE
2024-10-02,165.4237771352600,Dining,Cafe,EXPENSE
2024-10-09,168.3292119820930,Housing,Rent,EXPENSE
2024-10-01,283.9039344206050,Groceries,Supermarket,EXPENSE
2024-10-02,239.81972771453900,Utilities,Electric Company,EXPENSE
2024-10-24,230.99199939631400,Miscellaneous,General Store,EXPENSE
2024-10-24,188.78638314235200,Housing,Rent,EXPENSE
2024-10-08,256.29876379827300,Transportation,Car Loan,EXPENSE
2024-10-05,255.21042531907400,Entertainment,Streaming Service,EXPENSE
2024-10-15,264.9822095532300,Entertainment,Cinema,EXPENSE
2024-10-27,93.59309869506860,Transportation,Car Loan,EXPENSE
2024-10-28,51.486423407131400,Healthcare,Pharmacy,EXPENSE
2024-10-25,128.8131756179530,Groceries,Grocery Store,EXPENSE
2024-10-10,57.85524581092210,Transportation,Gas Station,EXPENSE
2024-10-14,259.9716309613760,Shopping,Mall,EXPENSE
2024-10-04,165.98825305370600,Dining,Cafe,EXPENSE
2024-10-09,230.4253749438330,Dining,Cafe,EXPENSE
2024-10-21,267.51799759608800,Miscellaneous,General Store,EXPENSE
2024-10-27,182.5556917890070,Housing,Rent,EXPENSE
2024-10-07,131.34109160717000,Dining,Cafe,EXPENSE
2024-10-03,288.78618159450500,Shopping,Mall,EXPENSE
2024-10-18,255.09852944868200,Utilities,Water Supplier,EXPENSE
2024-10-23,142.19503745050000,Personal Care,Salon,EXPENSE
2024-10-24,91.43460078323860,Housing,Rent,EXPENSE
2024-10-01,187.473155189602,Dining,Restaurant,EXPENSE
2024-10-01,105.24412546368900,Dining,Restaurant,EXPENSE
2024-10-21,57.52419861209460,Transportation,Gas Station,EXPENSE
2024-10-10,157.39765585374600,Personal Care,Spa,EXPENSE
2024-10-21,262.17899528620300,Shopping,Mall,EXPENSE
2024-10-01,235.71615197275200,Utilities,Water Supplier,EXPENSE
2024-10-30,64.42659609488100,Housing,Rent,EXPENSE
2024-10-21,168.20641632683600,Shopping,Mall,EXPENSE
2024-10-26,54.06577246977200,Utilities,Electric Company,EXPENSE
2024-10-22,290.57039672380200,Dining,Cafe,EXPENSE
2024-10-06,165.57373863984900,Transportation,Gas Station,EXPENSE
2024-10-23,248.35684415597900,Miscellaneous,Gift Shop,EXPENSE
2024-10-25,200.8913288504000,Housing,Rent,EXPENSE
2024-10-10,294.0611387625230,Dining,Cafe,EXPENSE
2024-10-18,105.57842000623700,Entertainment,Cinema,EXPENSE
2024-10-19,282.4459677772300,Utilities,Water Supplier,EXPENSE
2024-10-19,253.47322180742000,Groceries,Supermarket,EXPENSE
2024-10-06,91.96727313074490,Groceries,Supermarket,EXPENSE
2024-10-04,71.4786423986373,Healthcare,Pharmacy,EXPENSE
2024-10-29,173.35432591870900,Utilities,Water Supplier,EXPENSE
2024-10-13,92.40796912742040,Transportation,Public Transit,EXPENSE
2024-10-25,233.60508549866400,Miscellaneous,Gift Shop,EXPENSE
2024-10-30,128.0670053429910,Utilities,Water Supplier,EXPENSE
2024-10-13,70.52152142850100,Transportation,Car Loan,EXPENSE
2024-10-08,262.73543029390300,Healthcare,Pharmacy,EXPENSE
2024-10-12,88.84696353575220,Dining,Cafe,EXPENSE
2024-10-28,58.82518315038090,Dining,Restaurant,EXPENSE
2024-10-15,275.15947508908100,Shopping,Online Store,EXPENSE
2024-10-28,618.5322057339200,Cash Buffer,Bank Account,CASHBUFFER
2024-11-01,16666.666666666700,Income,Company Payroll,INCOME
2024-11-01,3333.333333333330,Investment,Investment Account,INVESTMENT
2024-11-08,61.61467025232890,Housing,Rent,EXPENSE
2024-11-25,167.91702484423800,Miscellaneous,General Store,EXPENSE
2024-11-16,192.57208426844700,Housing,Rent,EXPENSE
2024-11-25,76.27388362673840,Healthcare,Doctor,EXPENSE
2024-11-01,216.06519735156000,Housing,Rent,EXPENSE
2024-11-22,204.4448101361050,Utilities,Electric Company,EXPENSE
2024-11-26,289.4085227668570,Entertainment,Cinema,EXPENSE
2024-11-24,191.06452484879600,Healthcare,Pharmacy,EXPENSE
2024-11-03,112.46014546368900,Dining,Cafe,EXPENSE
2024-11-08,186.95666668006700,Entertainment,Streaming Service,EXPENSE
2024-11-20,99.29628407311010,Utilities,Water Supplier,EXPENSE
2024-11-24,164.82232526710800,Shopping,Online Store,EXPENSE
2024-11-09,61.49282057969740,Shopping,Online Store,EXPENSE
2024-11-06,179.63641951943900,Groceries,Supermarket,EXPENSE
2024-11-16,101.86688612894000,Utilities,Electric Company,EXPENSE
2024-11-18,150.40235365098900,Dining,Cafe,EXPENSE
2024-11-06,73.15558463318340,Personal Care,Spa,EXPENSE
2024-11-18,156.5160329056010,Dining,Restaurant,EXPENSE
2024-11-09,261.02072177510700,Entertainment,Cinema,EXPENSE
2024-11-23,145.89206518603800,Miscellaneous,General Store,EXPENSE
2024-11-09,185.83026614172500,Housing,Rent,EXPENSE
2024-11-05,129.3073607522040,Housing,Rent,EXPENSE
2024-11-16,247.4428762055530,Dining,Restaurant,EXPENSE
2024-11-07,101.2310141014810,Shopping,Mall,EXPENSE
2024-11-29,115.38722402904100,Entertainment,Cinema,EXPENSE
2024-11-12,196.58786749208200,Shopping,Online Store,EXPENSE
2024-11-28,226.99005628596400,Miscellaneous,General Store,EXPENSE
2024-11-16,88.60461833500130,Miscellaneous,General Store,EXPENSE
2024-11-29,106.7521976993090,Entertainment,Streaming Service,EXPENSE
2024-11-28,246.30677512136600,Miscellaneous,Gift Shop,EXPENSE
2024-11-15,270.2493380640150,Transportation,Gas Station,EXPENSE
2024-11-11,124.39494252385400,Dining,Cafe,EXPENSE
2024-11-08,70.1852515177844,Healthcare,Doctor,EXPENSE
2024-11-24,182.65719837241300,Groceries,Grocery Store,EXPENSE
2024-11-06,225.02535115792900,Transportation,Public Transit,EXPENSE
2024-11-30,274.01261293195400,Housing,Rent,EXPENSE
2024-11-23,120.44496805559700,Utilities,Water Supplier,EXPENSE
2024-11-20,100.92265529831700,Healthcare,Doctor,EXPENSE
2024-11-16,228.3424068497100,Groceries,Grocery Store,EXPENSE
2024-11-08,272.7373213005970,Utilities,Water Supplier,EXPENSE
2024-11-10,225.95045561917800,Dining,Cafe,EXPENSE
2024-11-24,70.46733690005340,Entertainment,Streaming Service,EXPENSE
2024-11-10,251.2039874804950,Utilities,Electric Company,EXPENSE
2024-11-19,59.61219415260120,Dining,Cafe,EXPENSE
2024-11-21,91.1161663285813,Shopping,Mall,EXPENSE
2024-11-16,289.097529047404,Groceries,Supermarket,EXPENSE
2024-11-08,158.63666295221800,Personal Care,Spa,EXPENSE
2024-11-12,267.8731317208750,Groceries,Supermarket,EXPENSE
2024-11-27,60.7876992430668,Utilities,Electric Company,EXPENSE
2024-11-03,216.61772620841500,Groceries,Supermarket,EXPENSE
2024-11-23,232.3327071760490,Shopping,Mall,EXPENSE
2024-11-13,60.17597492405450,Personal Care,Salon,EXPENSE
2024-11-08,263.92188231722500,Dining,Cafe,EXPENSE
2024-11-01,90.14257866543160,Entertainment,Streaming Service,EXPENSE
2024-11-19,254.08228653696200,Personal Care,Spa,EXPENSE
2024-11-27,167.03773195456600,Utilities,Water Supplier,EXPENSE
2024-11-15,273.72640118333500,Entertainment,Cinema,EXPENSE
2024-11-30,169.22689027409800,Housing,Rent,EXPENSE
2024-11-05,265.7640568863350,Entertainment,Cinema,EXPENSE
2024-11-03,192.86264664505900,Groceries,Grocery Store,EXPENSE
2024-11-30,75.79807011062390,Groceries,Grocery Store,EXPENSE
2024-11-17,147.15748506062800,Housing,Rent,EXPENSE
2024-11-11,247.8315845599830,Transportation,Car Loan,EXPENSE
2024-11-13,58.24231455885100,Housing,Rent,EXPENSE
2024-11-29,225.06436756572400,Personal Care,Salon,EXPENSE
2024-11-22,248.2323472680990,Healthcare,Pharmacy,EXPENSE
2024-11-14,236.70913974567700,Entertainment,Streaming Service,EXPENSE
2024-11-02,74.17356079754740,Dining,Restaurant,EXPENSE
2024-11-08,216.36834493505100,Transportation,Public Transit,EXPENSE
2024-11-03,229.37744695583500,Entertainment,Streaming Service,EXPENSE
2024-11-16,276.27002641426400,Entertainment,Streaming Service,EXPENSE
2024-11-27,262.3526030058790,Housing,Rent,EXPENSE
2024-11-28,256.1377338110810,Transportation,Gas Station,EXPENSE
2024-11-28,512.6909361341530,Cash Buffer,Bank Account,CASHBUFFER
2024-12-01,16666.666666666700,Income,Company Payroll,INCOME
2024-12-01,3333.333333333330,Investment,Investment Account,INVESTMENT
2024-12-23,226.22058410079100,Healthcare,Pharmacy,EXPENSE
2024-12-02,236.8053884596700,Groceries,Grocery Store,EXPENSE
2024-12-25,207.32024801565200,Transportation,Public Transit,EXPENSE
2024-12-18,132.1862854634660,Miscellaneous,General Store,EXPENSE
2024-12-03,288.5351374640550,Healthcare,Doctor,EXPENSE
2024-12-19,214.64468688928200,Transportation,Gas Station,EXPENSE
2024-12-23,214.88811449641500,Utilities,Electric Company,EXPENSE
2024-12-24,202.76210085025700,Groceries,Supermarket,EXPENSE
2024-12-04,248.14021177277400,Miscellaneous,Gift Shop,EXPENSE
2024-12-23,150.8268556403330,Utilities,Electric Company,EXPENSE
2024-12-05,196.31888296587800,Utilities,Electric Company,EXPENSE
2024-12-31,93.96797468828730,Transportation,Gas Station,EXPENSE
2024-12-25,169.70486511816600,Utilities,Electric Company,EXPENSE
2024-12-08,217.85430078773700,Entertainment,Streaming Service,EXPENSE
2024-12-08,63.64314444135010,Housing,Rent,EXPENSE
2024-12-02,86.10473824592070,Housing,Rent,EXPENSE
2024-12-08,257.4964937197460,Utilities,Water Supplier,EXPENSE
2024-12-30,209.44360064660400,Miscellaneous,Gift Shop,EXPENSE
2024-12-08,134.4083650153570,Miscellaneous,Gift Shop,EXPENSE
2024-12-22,63.90247975486580,Personal Care,Salon,EXPENSE
2024-12-31,97.1099178117013,Entertainment,Streaming Service,EXPENSE
2024-12-19,121.95911793027500,Transportation,Gas Station,EXPENSE
2024-12-19,92.11567650982830,Housing,Rent,EXPENSE
2024-12-27,139.33309313721600,Healthcare,Doctor,EXPENSE
2024-12-26,260.12702619025100,Entertainment,Streaming Service,EXPENSE
2024-12-02,60.07780215110090,Dining,Cafe,EXPENSE
2024-12-07,239.32549000470900,Healthcare,Pharmacy,EXPENSE
2024-12-05,51.21483991955760,Miscellaneous,Gift Shop,EXPENSE
2024-12-01,90.14138694924130,Personal Care,Spa,EXPENSE
2024-12-14,212.48429616819700,Shopping,Online Store,EXPENSE
2024-12-26,135.47603064591600,Entertainment,Streaming Service,EXPENSE
2024-12-09,82.01562870886340,Entertainment,Streaming Service,EXPENSE
2024-12-24,155.39488232705300,Miscellaneous,General Store,EXPENSE
2024-12-18,133.98544160817800,Groceries,Grocery Store,EXPENSE
2024-12-12,221.2732342275530,Groceries,Supermarket,EXPENSE
2024-12-10,294.01781163715300,Shopping,Online Store,EXPENSE
2024-12-04,125.7356422141940,Transportation,Gas Station,EXPENSE
2024-12-16,68.05713567540070,Entertainment,Cinema,EXPENSE
2024-12-06,123.09578331558200,Groceries,Supermarket,EXPENSE
2024-12-03,143.52108918280900,Healthcare,Pharmacy,EXPENSE
2024-12-01,83.23249394206400,Shopping,Online Store,EXPENSE
2024-12-06,91.00787864369030,Personal Care,Salon,EXPENSE
2024-12-28,246.79608431101500,Personal Care,Spa,EXPENSE
2024-12-05,112.5067050033090,Shopping,Online Store,EXPENSE
2024-12-27,74.44425537297890,Miscellaneous,Gift Shop,EXPENSE
2024-12-10,145.2543980055510,Healthcare,Pharmacy,EXPENSE
2024-12-05,107.69588826240400,Personal Care,Spa,EXPENSE
2024-12-16,56.59486869965960,Shopping,Mall,EXPENSE
2024-12-17,248.17399520962800,Groceries,Grocery Store,EXPENSE
2024-12-21,95.24177662814210,Entertainment,Cinema,EXPENSE
2024-12-14,291.5328141766270,Utilities,Electric Company,EXPENSE
2024-12-20,286.98683170072700,Dining,Restaurant,EXPENSE
2024-12-29,146.8677238976760,Transportation,Public Transit,EXPENSE
2024-12-20,277.9061655333770,Healthcare,Pharmacy,EXPENSE
2024-12-08,237.88720864368800,Healthcare,Pharmacy,EXPENSE
2024-12-27,280.5144656713390,Miscellaneous,General Store,EXPENSE
2024-12-28,222.3991740557910,Housing,Rent,EXPENSE
2024-12-23,69.26026791599550,Groceries,Grocery Store,EXPENSE
2024-12-09,122.91577794266300,Utilities,Water Supplier,EXPENSE
2024-12-03,258.7776910924710,Dining,Cafe,EXPENSE
2024-12-12,94.61782541228320,Housing,Rent,EXPENSE
2024-12-27,267.5135762971050,Miscellaneous,Gift Shop,EXPENSE
2024-12-02,148.46012733971200,Dining,Restaurant,EXPENSE
2024-12-30,272.2180924884210,Transportation,Gas Station,EXPENSE
2024-12-29,91.74481186596250,Personal Care,Salon,EXPENSE
2024-12-29,175.77187731561600,Housing,Rent,EXPENSE
2024-12-26,195.23300815883600,Dining,Cafe,EXPENSE
2024-12-22,263.5351789949360,Housing,Rent,EXPENSE
2024-12-30,243.12364111630300,Entertainment,Cinema,EXPENSE
2024-12-31,140.9499879010930,Healthcare,Pharmacy,EXPENSE
2024-12-15,246.35538671149500,Transportation,Car Loan,EXPENSE
2024-12-31,99.89965661826760,Groceries,Supermarket,EXPENSE
2024-12-15,109.38924741974300,Groceries,Grocery Store,EXPENSE
2024-12-08,220.29407518620000,Healthcare,Pharmacy,EXPENSE
2024-12-30,285.24773197914100,Healthcare,Pharmacy,EXPENSE
2024-12-28,561.346858968036,Cash Buffer,Bank Account,CASHBUFFER