amount,category,store_name,type,date
16666.666666666700,Income,Company Payroll,INCOME,2024-01-01
3333.333333333330,Investment,Investment Account,INVESTMENT,2024-01-01
148.68258615773700,Miscellaneous,Gift Shop,EXPENSE,2024-01-18
118.30259617179400,Dining,Restaurant,EXPENSE,2024-01-20
243.42351248678600,Personal Care,Salon,EXPENSE,2024-01-15
220.10886525645100,Miscellaneous,Gift Shop,EXPENSE,2024-01-26
152.59854281353800,Entertainment,Streaming Service,EXPENSE,2024-01-21
149.34765004960600,Transportation,Gas Station,EXPENSE,2024-01-18
206.15168023740300,Healthcare,Pharmacy,EXPENSE,2024-01-20
207.96769544651900,Dining,Cafe,EXPENSE,2024-01-17
284.60432900489200,Dining,Restaurant,EXPENSE,2024-01-17
223.7468010473370,Utilities,Water Supplier,EXPENSE,2024-01-14
69.6704804930968,Shopping,Online Store,EXPENSE,2024-01-21
200.98268297894600,Miscellaneous,General Store,EXPENSE,2024-01-05
244.92488168084900,Healthcare,Pharmacy,EXPENSE,2024-01-09
72.58342985676010,Healthcare,Doctor,EXPENSE,2024-01-03
260.897221490047,Utilities,Electric Company,EXPENSE,2024-01-27
140.53507861032100,Personal Care,Spa,EXPENSE,2024-01-08
186.68367173361900,Shopping,Online Store,EXPENSE,2024-01-30
151.37192633151300,Personal Care,Spa,EXPENSE,2024-01-06
180.15204621489200,Entertainment,Cinema,EXPENSE,2024-01-26
267.614579249096,Dining,Cafe,EXPENSE,2024-01-29
200.102058181659,Groceries,Grocery Store,EXPENSE,2024-01-06
230.71679831102200,Housing,Rent,EXPENSE,2024-01-12
101.99055300348200,Groceries,Supermarket,EXPENSE,2024-01-11
225.6798710463580,Transportation,Gas Station,EXPENSE,2024-01-07
219.4317455099850,Groceries,Supermarket,EXPENSE,2024-01-21
199.27672356880900,Groceries,Grocery Store,EXPENSE,2024-01-18
222.91927588882300,Utilities,Electric Company,EXPENSE,2024-01-15
102.53589015120700,Utilities,Water Supplier,EXPENSE,2024-01-07
117.33688082070900,Entertainment,Cinema,EXPENSE,2024-01-05
296.48106141660300,Housing,Rent,EXPENSE,2024-01-09
244.4480471496780,Utilities,Water Supplier,EXPENSE,2024-01-08
62.172941089632500,Transportation,Public Transit,EXPENSE,2024-01-02
242.4560516165940,Transportation,Car Loan,EXPENSE,2024-01-11
89.09912087135400,Shopping,Mall,EXPENSE,2024-01-16
56.54086180886460,Dining,Restaurant,EXPENSE,2024-01-22
297.9438754667870,Dining,Restaurant,EXPENSE,2024-01-04
176.16427117852400,Groceries,Supermarket,EXPENSE,2024-01-22
145.61874625245200,Housing,Rent,EXPENSE,2024-01-02
227.01384096815100,Dining,Restaurant,EXPENSE,2024-01-02
147.35051826094800,Entertainment,Streaming Service,EXPENSE,2024-01-02
209.78139681812500,Healthcare,Doctor,EXPENSE,2024-01-03
236.5004806713120,Miscellaneous,Gift Shop,EXPENSE,2024-01-22
254.1508539524940,Personal Care,Spa,EXPENSE,2024-01-24
206.88322855077,Entertainment,Cinema,EXPENSE,2024-01-09
126.58781779248300,Housing,Rent,EXPENSE,2024-01-05
220.94564767485000,Entertainment,Streaming Service,EXPENSE,2024-01-25
252.5890764280430,Personal Care,Spa,EXPENSE,2024-01-21
96.23776968513910,Healthcare,Doctor,EXPENSE,2024-01-03
173.3199365794190,Healthcare,Pharmacy,EXPENSE,2024-01-26
153.6211867082000,Utilities,Electric Company,EXPENSE,2024-01-09
255.3215867645260,Utilities,Electric Company,EXPENSE,2024-01-13
249.77209464091400,Miscellaneous,Gift Shop,EXPENSE,2024-01-12
195.03963167568900,Miscellaneous,General Store,EXPENSE,2024-01-17
230.89677879819800,Healthcare,Pharmacy,EXPENSE,2024-01-05
261.17929283070500,Miscellaneous,General Store,EXPENSE,2024-01-11
221.70365673609500,Housing,Rent,EXPENSE,2024-01-23
249.1223427057050,Housing,Rent,EXPENSE,2024-01-27
256.942387885744,Personal Care,Spa,EXPENSE,2024-01-25
178.6019029350520,Dining,Restaurant,EXPENSE,2024-01-11
221.62823471474400,Transportation,Public Transit,EXPENSE,2024-01-07
279.75003278100400,Shopping,Mall,EXPENSE,2024-01-13
84.40939737954270,Groceries,Grocery Store,EXPENSE,2024-01-15
230.82552729224100,Housing,Rent,EXPENSE,2024-01-05
155.02900766032700,Transportation,Gas Station,EXPENSE,2024-01-29
239.7104474857100,Transportation,Car Loan,EXPENSE,2024-01-12
56.30598434273700,Miscellaneous,Gift Shop,EXPENSE,2024-01-20
208.1647492021810,Entertainment,Streaming Service,EXPENSE,2024-01-27
492.6834927685400,Cash Buffer,Bank Account,CASHBUFFER,2024-01-28
16666.666666666700,Income,Company Payroll,INCOME,2024-02-01
3333.333333333330,Investment,Investment Account,INVESTMENT,2024-02-01
140.48124666914700,Housing,Rent,EXPENSE,2024-02-05
288.3968096049190,Miscellaneous,General Store,EXPENSE,2024-02-20
67.91774158677010,Miscellaneous,General Store,EXPENSE,2024-02-05
233.03014955601800,Miscellaneous,Gift Shop,EXPENSE,2024-02-21
236.82647547920200,Entertainment,Streaming Service,EXPENSE,2024-02-29
107.50177988699900,Dining,Restaurant,EXPENSE,2024-02-06
275.91332543851000,Utilities,Electric Company,EXPENSE,2024-02-12
165.1513812788720,Personal Care,Spa,EXPENSE,2024-02-12
66.2828715968568,Transportation,Car Loan,EXPENSE,2024-02-24
259.2898940557600,Miscellaneous,General Store,EXPENSE,2024-02-11
292.92053533741200,Personal Care,Salon,EXPENSE,2024-02-26
273.43846440253800,Healthcare,Pharmacy,EXPENSE,2024-02-26
188.24810964264400,Healthcare,Doctor,EXPENSE,2024-02-05
244.26472116226000,Miscellaneous,Gift Shop,EXPENSE,2024-02-20
162.58042066192100,Healthcare,Pharmacy,EXPENSE,2024-02-14
218.09536017807300,Miscellaneous,Gift Shop,EXPENSE,2024-02-16
158.94933301819100,Utilities,Water Supplier,EXPENSE,2024-02-12
202.65013669006300,Utilities,Electric Company,EXPENSE,2024-02-19
259.7774260690850,Dining,Cafe,EXPENSE,2024-02-29
198.74938631880100,Entertainment,Cinema,EXPENSE,2024-02-19
96.8750755535946,Entertainment,Streaming Service,EXPENSE,2024-02-14
133.75072038031200,Housing,Rent,EXPENSE,2024-02-03
97.34247610244680,Utilities,Water Supplier,EXPENSE,2024-02-07
279.94222250643700,Personal Care,Salon,EXPENSE,2024-02-17
167.1637653273510,Entertainment,Streaming Service,EXPENSE,2024-02-28
230.58732131589000,Groceries,Supermarket,EXPENSE,2024-02-07
101.99324084301200,Shopping,Online Store,EXPENSE,2024-02-20
75.81552596379540,Housing,Rent,EXPENSE,2024-02-05
99.98201772501490,Housing,Rent,EXPENSE,2024-02-11
129.88983443029700,Groceries,Supermarket,EXPENSE,2024-02-26
298.23445427524500,Housing,Rent,EXPENSE,2024-02-10
257.2583249451600,Personal Care,Spa,EXPENSE,2024-02-28
140.28866942906100,Utilities,Electric Company,EXPENSE,2024-02-15
183.30137925619300,Groceries,Supermarket,EXPENSE,2024-02-12
162.5583609623250,Transportation,Car Loan,EXPENSE,2024-02-16
53.43280058179720,Shopping,Online Store,EXPENSE,2024-02-24
262.7764567660260,Shopping,Mall,EXPENSE,2024-02-23
63.50873705429410,Healthcare,Doctor,EXPENSE,2024-02-10
52.638001886975100,Transportation,Gas Station,EXPENSE,2024-02-01
297.0366261702830,Entertainment,Streaming Service,EXPENSE,2024-02-01
206.61662058170600,Dining,Cafe,EXPENSE,2024-02-05
156.00153368721200,Miscellaneous,Gift Shop,EXPENSE,2024-02-09
219.27291816096700,Personal Care,Spa,EXPENSE,2024-02-06
241.61520162131100,Transportation,Gas Station,EXPENSE,2024-02-23
98.18094300119510,Groceries,Grocery Store,EXPENSE,2024-02-12
177.9701389305050,Housing,Rent,EXPENSE,2024-02-16
74.50267139811770,Entertainment,Cinema,EXPENSE,2024-02-02
243.98597536302400,Healthcare,Pharmacy,EXPENSE,2024-02-28
173.75667205692400,Shopping,Mall,EXPENSE,2024-02-02
84.77961354216930,Groceries,Supermarket,EXPENSE,2024-02-23
208.1029037225050,Healthcare,Pharmacy,EXPENSE,2024-02-06
159.19963524393400,Groceries,Grocery Store,EXPENSE,2024-02-24
245.98530238179100,Healthcare,Doctor,EXPENSE,2024-02-28
72.04519378540490,Healthcare,Pharmacy,EXPENSE,2024-02-29
272.59379521393000,Personal Care,Salon,EXPENSE,2024-02-02
214.88329212195000,Shopping,Mall,EXPENSE,2024-02-21
166.20755873442200,Groceries,Grocery Store,EXPENSE,2024-02-15
150.14981799591300,Healthcare,Pharmacy,EXPENSE,2024-02-09
207.93826170435200,Groceries,Supermarket,EXPENSE,2024-02-22
180.75816330022400,Shopping,Mall,EXPENSE,2024-02-08
204.7783028176660,Housing,Rent,EXPENSE,2024-02-07
266.44381513604700,Healthcare,Pharmacy,EXPENSE,2024-02-04
191.62637781745300,Dining,Cafe,EXPENSE,2024-02-17
248.74108685287200,Utilities,Water Supplier,EXPENSE,2024-02-22
198.6242832649630,Entertainment,Cinema,EXPENSE,2024-02-04
231.75035990664500,Entertainment,Streaming Service,EXPENSE,2024-02-27
59.60768935112790,Utilities,Water Supplier,EXPENSE,2024-02-17
68.0052348517093,Housing,Rent,EXPENSE,2024-02-17
201.5823535091880,Personal Care,Salon,EXPENSE,2024-02-19
129.1690715100210,Entertainment,Cinema,EXPENSE,2024-02-16
192.46212721398600,Utilities,Water Supplier,EXPENSE,2024-02-27
561.1548384445540,Cash Buffer,Bank Account,CASHBUFFER,2024-02-28
16666.666666666700,Income,Company Payroll,INCOME,2024-03-01
3333.333333333330,Investment,Investment Account,INVESTMENT,2024-03-01
74.00403672617110,Housing,Rent,EXPENSE,2024-03-24
84.8517099981132,Shopping,Online Store,EXPENSE,2024-03-26
122.23946186884700,Healthcare,Pharmacy,EXPENSE,2024-03-22
225.54424215207700,Personal Care,Salon,EXPENSE,2024-03-10
79.21659554140170,Healthcare,Pharmacy,EXPENSE,2024-03-04
218.67436171519100,Transportation,Public Transit,EXPENSE,2024-03-12
82.71889689835330,Housing,Rent,EXPENSE,2024-03-18
275.0429061572270,Dining,Cafe,EXPENSE,2024-03-18
238.70626250704100,Personal Care,Salon,EXPENSE,2024-03-17
94.36673692385800,Entertainment,Streaming Service,EXPENSE,2024-03-15
99.16195929380050,Miscellaneous,General Store,EXPENSE,2024-03-27
257.14412309985700,Entertainment,Cinema,EXPENSE,2024-03-13
123.77899238209500,Groceries,Grocery Store,EXPENSE,2024-03-21
131.96542543404100,Housing,Rent,EXPENSE,2024-03-06
162.03250773486500,Dining,Cafe,EXPENSE,2024-03-20
270.13033244472000,Miscellaneous,Gift Shop,EXPENSE,2024-03-19
126.41424724555300,Utilities,Electric Company,EXPENSE,2024-03-22
165.55805988907500,Dining,Restaurant,EXPENSE,2024-03-03
134.24729788404800,Entertainment,Streaming Service,EXPENSE,2024-03-22
137.22259297006500,Transportation,Gas Station,EXPENSE,2024-03-16
156.9657329518520,Utilities,Water Supplier,EXPENSE,2024-03-03
221.33334859480500,Shopping,Mall,EXPENSE,2024-03-27
78.96154379529070,Healthcare,Doctor,EXPENSE,2024-03-02
138.9963744447050,Personal Care,Salon,EXPENSE,2024-03-11
121.9530908543770,Healthcare,Pharmacy,EXPENSE,2024-03-08
293.32255185642300,Shopping,Mall,EXPENSE,2024-03-12
153.95458718979000,Entertainment,Cinema,EXPENSE,2024-03-06
188.2308477779340,Miscellaneous,General Store,EXPENSE,2024-03-07
257.1740385826250,Dining,Cafe,EXPENSE,2024-03-06
164.04676607299700,Shopping,Online Store,EXPENSE,2024-03-23
139.569569264055,Utilities,Water Supplier,EXPENSE,2024-03-10
181.23530512344300,Utilities,Electric Company,EXPENSE,2024-03-06
169.82280884858600,Shopping,Online Store,EXPENSE,2024-03-19
65.85249543319710,Housing,Rent,EXPENSE,2024-03-01
196.55758103816200,Personal Care,Spa,EXPENSE,2024-03-06
163.00355932073700,Shopping,Online Store,EXPENSE,2024-03-16
97.67282781500000,Groceries,Grocery Store,EXPENSE,2024-03-13
53.14813938719600,Utilities,Water Supplier,EXPENSE,2024-03-31
249.82720230894400,Transportation,Public Transit,EXPENSE,2024-03-19
86.309151285588,Groceries,Supermarket,EXPENSE,2024-03-03
137.7561454600850,Personal Care,Salon,EXPENSE,2024-03-13
194.70834094062100,Housing,Rent,EXPENSE,2024-03-26
82.41083126282950,Utilities,Electric Company,EXPENSE,2024-03-02
245.07406911034800,Personal Care,Spa,EXPENSE,2024-03-10
131.13605314282900,Utilities,Water Supplier,EXPENSE,2024-03-25
194.77840210694200,Transportation,Car Loan,EXPENSE,2024-03-26
211.99645438412100,Utilities,Water Supplier,EXPENSE,2024-03-17
117.6228320774470,Entertainment,Streaming Service,EXPENSE,2024-03-26
187.32318743451400,Healthcare,Pharmacy,EXPENSE,2024-03-31
229.20040105029100,Utilities,Electric Company,EXPENSE,2024-03-19
145.25440975247500,Shopping,Online Store,EXPENSE,2024-03-01
281.065570123774,Utilities,Water Supplier,EXPENSE,2024-03-20
150.52549993110800,Personal Care,Salon,EXPENSE,2024-03-02
79.1216059495045,Entertainment,Streaming Service,EXPENSE,2024-03-01
176.26787660594000,Housing,Rent,EXPENSE,2024-03-07
108.35934182126900,Miscellaneous,General Store,EXPENSE,2024-03-26
95.59616292649890,Utilities,Electric Company,EXPENSE,2024-03-11
296.5955852480260,Healthcare,Pharmacy,EXPENSE,2024-03-21
238.21679925265100,Transportation,Public Transit,EXPENSE,2024-03-26
97.5717770789478,Housing,Rent,EXPENSE,2024-03-30
199.7586406511520,Groceries,Grocery Store,EXPENSE,2024-03-31
158.15389820059100,Housing,Rent,EXPENSE,2024-03-17
217.17140810043000,Shopping,Mall,EXPENSE,2024-03-18
158.63591136355300,Housing,Rent,EXPENSE,2024-03-06
93.77814158164220,Housing,Rent,EXPENSE,2024-03-08
242.59486938528300,Miscellaneous,General Store,EXPENSE,2024-03-19
173.81141364737600,Utilities,Electric Company,EXPENSE,2024-03-13
152.37033097486300,Shopping,Mall,EXPENSE,2024-03-29
226.40620984210200,Transportation,Public Transit,EXPENSE,2024-03-18
59.23137415405990,Dining,Cafe,EXPENSE,2024-03-28
197.24014227918100,Groceries,Grocery Store,EXPENSE,2024-03-05
282.77952699788100,Utilities,Water Supplier,EXPENSE,2024-03-22
263.15500996776600,Dining,Cafe,EXPENSE,2024-03-07
266.9193673129270,Entertainment,Cinema,EXPENSE,2024-03-16
106.71448007367900,Housing,Rent,EXPENSE,2024-03-29
157.21408199367700,Dining,Cafe,EXPENSE,2024-03-03
101.12144568421400,Entertainment,Cinema,EXPENSE,2024-03-11
594.7374646506310,Cash Buffer,Bank Account,CASHBUFFER,2024-03-28
16666.666666666700,Income,Company Payroll,INCOME,2024-04-01
3333.333333333330,Investment,Investment Account,INVESTMENT,2024-04-01
180.77460054598500,Housing,Rent,EXPENSE,2024-04-28
103.5425670954850,Dining,Cafe,EXPENSE,2024-04-30
281.4970821086130,Healthcare,Pharmacy,EXPENSE,2024-04-19
201.29835269599400,Healthcare,Doctor,EXPENSE,2024-04-14
297.70882128282900,Transportation,Gas Station,EXPENSE,2024-04-10
182.153318682326,Groceries,Supermarket,EXPENSE,2024-04-02
230.6002414554630,Utilities,Electric Company,EXPENSE,2024-04-25
212.65504598127100,Housing,Rent,EXPENSE,2024-04-19
174.27935368086300,Personal Care,Salon,EXPENSE,2024-04-03
167.5775612405940,Dining,Restaurant,EXPENSE,2024-04-26
182.60974495665300,Utilities,Water Supplier,EXPENSE,2024-04-18
238.32889282924000,Personal Care,Spa,EXPENSE,2024-04-16
165.62543016292200,Utilities,Electric Company,EXPENSE,2024-04-09
88.14859696382540,Dining,Cafe,EXPENSE,2024-04-04
255.83892430770400,Groceries,Supermarket,EXPENSE,2024-04-27
173.59195330234600,Utilities,Electric Company,EXPENSE,2024-04-25
272.11269358281700,Transportation,Car Loan,EXPENSE,2024-04-03
145.60916189856800,Utilities,Water Supplier,EXPENSE,2024-04-11
210.62075080060400,Transportation,Public Transit,EXPENSE,2024-04-07
220.94227998197700,Shopping,Mall,EXPENSE,2024-04-18
132.6379172661920,Miscellaneous,Gift Shop,EXPENSE,2024-04-15
84.54833055920610,Dining,Restaurant,EXPENSE,2024-04-09
53.20443462631840,Miscellaneous,General Store,EXPENSE,2024-04-13
155.04091189998400,Personal Care,Spa,EXPENSE,2024-04-24
164.46366589579300,Utilities,Electric Company,EXPENSE,2024-04-08
167.5622203312090,Transportation,Car Loan,EXPENSE,2024-04-01
57.924534404296500,Groceries,Grocery Store,EXPENSE,2024-04-05
248.42440314278300,Healthcare,Pharmacy,EXPENSE,2024-04-14
53.63218848665130,Healthcare,Pharmacy,EXPENSE,2024-04-21
94.7183207407208,Transportation,Public Transit,EXPENSE,2024-04-13
230.3785063407040,Utilities,Water Supplier,EXPENSE,2024-04-21
294.6292736383510,Personal Care,Spa,EXPENSE,2024-04-22
144.03796151495900,Personal Care,Salon,EXPENSE,2024-04-24
85.59415097329740,Shopping,Mall,EXPENSE,2024-04-03
249.80953677942500,Housing,Rent,EXPENSE,2024-04-06
217.82768597418400,Housing,Rent,EXPENSE,2024-04-09
92.4239141131815,Miscellaneous,General Store,EXPENSE,2024-04-08
173.41976851130000,Miscellaneous,General Store,EXPENSE,2024-04-03
84.42071681678920,Entertainment,Streaming Service,EXPENSE,2024-04-24
89.78137138977920,Groceries,Grocery Store,EXPENSE,2024-04-25
134.5038004733420,Housing,Rent,EXPENSE,2024-04-13
239.32873564084400,Housing,Rent,EXPENSE,2024-04-11
58.69921192820250,Miscellaneous,Gift Shop,EXPENSE,2024-04-02
151.27584953778300,Housing,Rent,EXPENSE,2024-04-24
210.5441884529760,Utilities,Water Supplier,EXPENSE,2024-04-21
240.64354957417500,Dining,Cafe,EXPENSE,2024-04-30
266.7497614171190,Miscellaneous,Gift Shop,EXPENSE,2024-04-03
176.67858376356000,Dining,Cafe,EXPENSE,2024-04-17
189.4334794009070,Miscellaneous,General Store,EXPENSE,2024-04-13
238.674193476067,Housing,Rent,EXPENSE,2024-04-27
205.97966595880400,Personal Care,Spa,EXPENSE,2024-04-23
214.09102328957500,Housing,Rent,EXPENSE,2024-04-24
53.47719329600180,Groceries,Grocery Store,EXPENSE,2024-04-15
69.7933718964301,Personal Care,Spa,EXPENSE,2024-04-09
160.54100511500700,Healthcare,Pharmacy,EXPENSE,2024-04-28
90.89677923461810,Shopping,Online Store,EXPENSE,2024-04-23
277.66996144258400,Personal Care,Spa,EXPENSE,2024-04-26
164.36158585776800,Groceries,Grocery Store,EXPENSE,2024-04-09
178.40311191774400,Entertainment,Cinema,EXPENSE,2024-04-05
284.23239992112200,Miscellaneous,General Store,EXPENSE,2024-04-15
205.4074263295250,Miscellaneous,Gift Shop,EXPENSE,2024-04-23
212.40860425383500,Transportation,Public Transit,EXPENSE,2024-04-17
136.63461669068000,Shopping,Mall,EXPENSE,2024-04-15
279.3345977582710,Dining,Restaurant,EXPENSE,2024-04-11
241.26394552671000,Miscellaneous,General Store,EXPENSE,2024-04-13
217.5607061474650,Transportation,Gas Station,EXPENSE,2024-04-23
163.16886435355500,Groceries,Supermarket,EXPENSE,2024-04-25
111.68597316997500,Dining,Restaurant,EXPENSE,2024-04-03
61.33866071445320,Personal Care,Salon,EXPENSE,2024-04-23
136.30737103727900,Personal Care,Salon,EXPENSE,2024-04-13
91.80923011217220,Personal Care,Salon,EXPENSE,2024-04-21
160.487149479136,Personal Care,Salon,EXPENSE,2024-04-13
167.53877148050100,Entertainment,Streaming Service,EXPENSE,2024-04-04
290.798958756157,Dining,Cafe,EXPENSE,2024-04-23
391.61581896779700,Cash Buffer,Bank Account,CASHBUFFER,2024-04-28
16666.666666666700,Income,Company Payroll,INCOME,2024-05-01
3333.333333333330,Investment,Investment Account,INVESTMENT,2024-05-01
142.32679832526600,Groceries,Supermarket,EXPENSE,2024-05-24
194.55968193966900,Utilities,Water Supplier,EXPENSE,2024-05-26
139.4590946208930,Miscellaneous,Gift Shop,EXPENSE,2024-05-30
178.24354916886800,Shopping,Online Store,EXPENSE,2024-05-22
119.44115204053400,Shopping,Mall,EXPENSE,2024-05-21
140.99239960336100,Entertainment,Streaming Service,EXPENSE,2024-05-28
196.25343082000500,Utilities,Electric Company,EXPENSE,2024-05-28
235.27356936293900,Transportation,Public Transit,EXPENSE,2024-05-22
297.95486163345300,Dining,Cafe,EXPENSE,2024-05-21
232.28127815180500,Miscellaneous,Gift Shop,EXPENSE,2024-05-23
219.04001039650000,Housing,Rent,EXPENSE,2024-05-30
121.03592999250100,Dining,Restaurant,EXPENSE,2024-05-04
234.47567423843100,Healthcare,Pharmacy,EXPENSE,2024-05-09
275.5657607864080,Healthcare,Doctor,EXPENSE,2024-05-24
155.054544032436,Housing,Rent,EXPENSE,2024-05-06
219.413400726486,Personal Care,Spa,EXPENSE,2024-05-24
147.32731049624300,Housing,Rent,EXPENSE,2024-05-10
116.9179898106010,Personal Care,Salon,EXPENSE,2024-05-13
207.90756933058700,Miscellaneous,General Store,EXPENSE,2024-05-16
68.75373280278760,Healthcare,Doctor,EXPENSE,2024-05-13
288.79492491192900,Healthcare,Doctor,EXPENSE,2024-05-10
71.5401965546377,Groceries,Supermarket,EXPENSE,2024-05-20
263.4139085526610,Utilities,Water Supplier,EXPENSE,2024-05-06
293.28091585870700,Healthcare,Doctor,EXPENSE,2024-05-06
68.03471153769460,Entertainment,Streaming Service,EXPENSE,2024-05-17
129.33829758479600,Housing,Rent,EXPENSE,2024-05-20
254.29713799793900,Shopping,Online Store,EXPENSE,2024-05-06
137.2568921700830,Shopping,Online Store,EXPENSE,2024-05-02
219.67938786128400,Miscellaneous,General Store,EXPENSE,2024-05-03
188.06697736031200,Groceries,Grocery Store,EXPENSE,2024-05-27
107.3391945163670,Utilities,Water Supplier,EXPENSE,2024-05-28
90.30949255427240,Miscellaneous,Gift Shop,EXPENSE,2024-05-03
162.90103055810000,Entertainment,Streaming Service,EXPENSE,2024-05-18
85.55611327143480,Transportation,Car Loan,EXPENSE,2024-05-16
298.0137830454100,Dining,Cafe,EXPENSE,2024-05-19
103.79937556304100,Housing,Rent,EXPENSE,2024-05-14
248.83475573718700,Transportation,Gas Station,EXPENSE,2024-05-11
71.26586388562220,Groceries,Supermarket,EXPENSE,2024-05-26
248.4614532703620,Healthcare,Doctor,EXPENSE,2024-05-26
165.19193125968600,Dining,Restaurant,EXPENSE,2024-05-27
289.54119699415000,Personal Care,Salon,EXPENSE,2024-05-02
233.77119419589100,Shopping,Mall,EXPENSE,2024-05-05
55.92176820787180,Transportation,Car Loan,EXPENSE,2024-05-03
60.679666090371400,Utilities,Water Supplier,EXPENSE,2024-05-15
288.35351322600600,Utilities,Water Supplier,EXPENSE,2024-05-13
88.84356053510480,Entertainment,Streaming Service,EXPENSE,2024-05-08
97.20383759265330,Shopping,Mall,EXPENSE,2024-05-04
222.50219594212200,Transportation,Gas Station,EXPENSE,2024-05-07
258.6630408921620,Groceries,Grocery Store,EXPENSE,2024-05-06
130.95218498305300,Dining,Cafe,EXPENSE,2024-05-17
195.6345496442490,Miscellaneous,General Store,EXPENSE,2024-05-30
91.96637636712850,Healthcare,Doctor,EXPENSE,2024-05-20
278.861373138858,Miscellaneous,Gift Shop,EXPENSE,2024-05-09
148.0464704745620,Dining,Cafe,EXPENSE,2024-05-12
105.96744276584500,Shopping,Online Store,EXPENSE,2024-05-19
200.55692122463200,Entertainment,Streaming Service,EXPENSE,2024-05-14
293.1574927154710,Groceries,Grocery Store,EXPENSE,2024-05-12
123.24654341261800,Personal Care,Spa,EXPENSE,2024-05-27
112.93976702901200,Personal Care,Spa,EXPENSE,2024-05-04
251.41678751917600,Housing,Rent,EXPENSE,2024-05-20
221.3311045309390,Dining,Cafe,EXPENSE,2024-05-08
211.17820616414400,Utilities,Water Supplier,EXPENSE,2024-05-29
242.82281779456100,Personal Care,Salon,EXPENSE,2024-05-08
166.39309333974600,Groceries,Grocery Store,EXPENSE,2024-05-20
276.604238160307,Miscellaneous,Gift Shop,EXPENSE,2024-05-04
189.74828156148300,Personal Care,Spa,EXPENSE,2024-05-11
186.7765636190130,Dining,Cafe,EXPENSE,2024-05-15
104.65265957093900,Miscellaneous,Gift Shop,EXPENSE,2024-05-04
186.75714187946500,Shopping,Mall,EXPENSE,2024-05-28
129.5296698778450,Personal Care,Spa,EXPENSE,2024-05-30
265.052476198232,Entertainment,Cinema,EXPENSE,2024-05-06
486.6071153544310,Cash Buffer,Bank Account,CASHBUFFER,2024-05-28
16666.666666666700,Income,Company Payroll,INCOME,2024-06-01
3333.333333333330,Investment,Investment Account,INVESTMENT,2024-06-01
157.5396523825780,Transportation,Public Transit,EXPENSE,2024-06-29
57.166447077192200,Utilities,Electric Company,EXPENSE,2024-06-18
106.9806049395400,Entertainment,Cinema,EXPENSE,2024-06-21
210.41928044557500,Dining,Restaurant,EXPENSE,2024-06-06
168.3833631679220,Shopping,Mall,EXPENSE,2024-06-16
118.25185459550300,Miscellaneous,Gift Shop,EXPENSE,2024-06-12
58.72831204788730,Miscellaneous,General Store,EXPENSE,2024-06-30
205.72895617619600,Shopping,Mall,EXPENSE,2024-06-27
74.6584617653099,Groceries,Supermarket,EXPENSE,2024-06-09
205.57711337586900,Transportation,Public Transit,EXPENSE,2024-06-19
254.4019082321850,Miscellaneous,Gift Shop,EXPENSE,2024-06-03
147.02180070896800,Dining,Cafe,EXPENSE,2024-06-14
147.1215666945770,Entertainment,Streaming Service,EXPENSE,2024-06-07
273.6643209423890,Shopping,Online Store,EXPENSE,2024-06-18
95.09947741970560,Transportation,Car Loan,EXPENSE,2024-06-12
278.8165732101680,Miscellaneous,General Store,EXPENSE,2024-06-19
263.582934080025,Utilities,Water Supplier,EXPENSE,2024-06-07
127.72721014233300,Healthcare,Pharmacy,EXPENSE,2024-06-16
223.57058973010800,Miscellaneous,General Store,EXPENSE,2024-06-17
73.00581605101040,Entertainment,Cinema,EXPENSE,2024-06-12
277.7482690828820,Groceries,Supermarket,EXPENSE,2024-06-14
110.23245801678400,Miscellaneous,Gift Shop,EXPENSE,2024-06-12
104.65613613492400,Dining,Cafe,EXPENSE,2024-06-07
233.74174059481700,Utilities,Water Supplier,EXPENSE,2024-06-18
99.49821422847450,Dining,Cafe,EXPENSE,2024-06-18
105.18685310432100,Housing,Rent,EXPENSE,2024-06-08
65.47353264329390,Shopping,Mall,EXPENSE,2024-06-04
239.93605142939400,Dining,Restaurant,EXPENSE,2024-06-17
227.95646144721700,Dining,Cafe,EXPENSE,2024-06-18
69.7072267418096,Personal Care,Spa,EXPENSE,2024-06-24
235.2109260678670,Healthcare,Pharmacy,EXPENSE,2024-06-16
245.04780052987900,Groceries,Supermarket,EXPENSE,2024-06-20
271.8261489420890,Miscellaneous,General Store,EXPENSE,2024-06-24
172.64118590535000,Groceries,Supermarket,EXPENSE,2024-06-01
233.3553875498970,Utilities,Electric Company,EXPENSE,2024-06-18
122.11582039735000,Utilities,Electric Company,EXPENSE,2024-06-04
244.46275975926700,Dining,Cafe,EXPENSE,2024-06-21
270.49355275491100,Transportation,Car Loan,EXPENSE,2024-06-02
117.35914492146800,Utilities,Electric Company,EXPENSE,2024-06-15
119.53800484065000,Entertainment,Streaming Service,EXPENSE,2024-06-28
271.3294810989210,Dining,Restaurant,EXPENSE,2024-06-05
135.53386278179300,Utilities,Electric Company,EXPENSE,2024-06-05
111.1896152475510,Housing,Rent,EXPENSE,2024-06-28
70.17371897210630,Utilities,Water Supplier,EXPENSE,2024-06-23
196.1320906373580,Dining,Restaurant,EXPENSE,2024-06-26
193.18197593451700,Shopping,Online Store,EXPENSE,2024-06-26
217.34564898843000,Entertainment,Streaming Service,EXPENSE,2024-06-21
84.3074215624018,Entertainment,Cinema,EXPENSE,2024-06-16
185.21745291534000,Housing,Rent,EXPENSE,2024-06-25
157.4080012380500,Transportation,Gas Station,EXPENSE,2024-06-29
194.76191401466900,Personal Care,Salon,EXPENSE,2024-06-08
168.9721376087940,Utilities,Water Supplier,EXPENSE,2024-06-13
137.44211351640200,Entertainment,Streaming Service,EXPENSE,2024-06-11
126.67903307332400,Housing,Rent,EXPENSE,2024-06-18
77.31786380720240,Personal Care,Spa,EXPENSE,2024-06-02
270.96928501711100,Entertainment,Streaming Service,EXPENSE,2024-06-06
198.71561342192300,Shopping,Mall,EXPENSE,2024-06-16
214.00143861831100,Shopping,Online Store,EXPENSE,2024-06-11
264.33700545679700,Transportation,Gas Station,EXPENSE,2024-06-04
56.15494782736910,Transportation,Gas Station,EXPENSE,2024-06-01
199.25001515673000,Miscellaneous,General Store,EXPENSE,2024-06-16
102.91328240216800,Housing,Rent,EXPENSE,2024-06-16
76.45996727462030,Housing,Rent,EXPENSE,2024-06-12
146.09804961190500,Utilities,Electric Company,EXPENSE,2024-06-24
291.99616643313300,Dining,Restaurant,EXPENSE,2024-06-20
256.7377213524040,Transportation,Gas Station,EXPENSE,2024-06-02
259.9966804080190,Utilities,Electric Company,EXPENSE,2024-06-29
74.5183954181662,Entertainment,Cinema,EXPENSE,2024-06-13
259.44868842574600,Personal Care,Salon,EXPENSE,2024-06-17
255.789378761664,Shopping,Online Store,EXPENSE,2024-06-06
190.96689311054100,Shopping,Online Store,EXPENSE,2024-06-15
224.06220103502500,Utilities,Electric Company,EXPENSE,2024-06-17
84.76239413439960,Miscellaneous,Gift Shop,EXPENSE,2024-06-13
296.59638104377300,Groceries,Grocery Store,EXPENSE,2024-06-12
468.9325787489890,Cash Buffer,Bank Account,CASHBUFFER,2024-06-28
16666.666666666700,Income,Company Payroll,INCOME,2024-07-01
3333.333333333330,Investment,Investment Account,INVESTMENT,2024-07-01
159.37560775847400,Housing,Rent,EXPENSE,2024-07-08
76.29488421975350,Transportation,Gas Station,EXPENSE,2024-07-26
297.5908269255190,Groceries,Grocery Store,EXPENSE,2024-07-22
98.7948623592998,Miscellaneous,General Store,EXPENSE,2024-07-27
279.31569806523700,Healthcare,Pharmacy,EXPENSE,2024-07-26
94.93847668593170,Housing,Rent,EXPENSE,2024-07-07
110.50535165251400,Transportation,Public Transit,EXPENSE,2024-07-19
145.9422834487410,Miscellaneous,General Store,EXPENSE,2024-07-10
110.48833150827600,Dining,Restaurant,EXPENSE,2024-07-15
256.728820185719,Entertainment,Streaming Service,EXPENSE,2024-07-16
233.88096188629200,Personal Care,Spa,EXPENSE,2024-07-31
55.06968250968700,Groceries,Supermarket,EXPENSE,2024-07-30
118.26376052637900,Dining,Cafe,EXPENSE,2024-07-12
205.42171799510100,Groceries,Supermarket,EXPENSE,2024-07-11
182.67417272140500,Entertainment,Streaming Service,EXPENSE,2024-07-22
76.76596205878070,Utilities,Water Supplier,EXPENSE,2024-07-09
69.08364164735670,Transportation,Public Transit,EXPENSE,2024-07-02
290.61799510179,Groceries,Supermarket,EXPENSE,2024-07-06
79.03428759839330,Miscellaneous,Gift Shop,EXPENSE,2024-07-30
102.22623078766000,Housing,Rent,EXPENSE,2024-07-22
129.38470749422000,Entertainment,Streaming Service,EXPENSE,2024-07-01
163.7537534435370,Dining,Cafe,EXPENSE,2024-07-07
81.71575477771480,Entertainment,Cinema,EXPENSE,2024-07-16
112.95825971540300,Dining,Cafe,EXPENSE,2024-07-16
221.69345021108000,Groceries,Supermarket,EXPENSE,2024-07-24
163.88699808475500,Shopping,Online Store,EXPENSE,2024-07-18
75.5580787211789,Entertainment,Cinema,EXPENSE,2024-07-04
126.82424736483100,Utilities,Water Supplier,EXPENSE,2024-07-04
182.8999538898770,Personal Care,Salon,EXPENSE,2024-07-02
166.32493319641200,Miscellaneous,General Store,EXPENSE,2024-07-03
99.40200582003170,Entertainment,Cinema,EXPENSE,2024-07-08
269.5707460074120,Housing,Rent,EXPENSE,2024-07-19
92.38472193514720,Dining,Cafe,EXPENSE,2024-07-05
60.1898637272092,Transportation,Gas Station,EXPENSE,2024-07-08
280.97789121581700,Miscellaneous,Gift Shop,EXPENSE,2024-07-29
244.08261864446200,Miscellaneous,General Store,EXPENSE,2024-07-25
239.69405867474500,Miscellaneous,General Store,EXPENSE,2024-07-23
183.54577868037700,Entertainment,Streaming Service,EXPENSE,2024-07-31
155.26082154535300,Personal Care,Salon,EXPENSE,2024-07-05
176.90410183988900,Dining,Cafe,EXPENSE,2024-07-24
171.83773413243800,Utilities,Electric Company,EXPENSE,2024-07-04
62.49101348172880,Healthcare,Pharmacy,EXPENSE,2024-07-25
148.65556170096800,Transportation,Gas Station,EXPENSE,2024-07-06
92.29506425549960,Miscellaneous,Gift Shop,EXPENSE,2024-07-21
64.18411200171420,Personal Care,Spa,EXPENSE,2024-07-05
245.93076673029200,Groceries,Grocery Store,EXPENSE,2024-07-09
215.3967735339590,Personal Care,Salon,EXPENSE,2024-07-08
239.29050527435000,Transportation,Car Loan,EXPENSE,2024-07-06
259.84683755115700,Utilities,Water Supplier,EXPENSE,2024-07-15
147.0719469376610,Housing,Rent,EXPENSE,2024-07-27
64.450275210274,Shopping,Mall,EXPENSE,2024-07-10
217.93012830493000,Groceries,Grocery Store,EXPENSE,2024-07-27
66.09001476195270,Groceries,Supermarket,EXPENSE,2024-07-03
275.62996671679500,Healthcare,Doctor,EXPENSE,2024-07-19
281.9844362648120,Miscellaneous,Gift Shop,EXPENSE,2024-07-03
104.61698059263100,Shopping,Mall,EXPENSE,2024-07-22
196.90881536839000,Transportation,Gas Station,EXPENSE,2024-07-25
172.53094198828700,Entertainment,Streaming Service,EXPENSE,2024-07-24
123.15079492865800,Shopping,Mall,EXPENSE,2024-07-21
251.75742219688900,Entertainment,Streaming Service,EXPENSE,2024-07-15
63.08303537371790,Transportation,Car Loan,EXPENSE,2024-07-17
167.75913898400700,Transportation,Car Loan,EXPENSE,2024-07-16
71.32316565599620,Entertainment,Streaming Service,EXPENSE,2024-07-25
298.5999063208920,Healthcare,Pharmacy,EXPENSE,2024-07-18
69.24168877180480,Utilities,Water Supplier,EXPENSE,2024-07-23
132.909216798076,Miscellaneous,Gift Shop,EXPENSE,2024-07-18
101.52513152714800,Housing,Rent,EXPENSE,2024-07-26
263.5307728487850,Entertainment,Cinema,EXPENSE,2024-07-03
97.2227744667099,Utilities,Electric Company,EXPENSE,2024-07-01
56.74892897284480,Housing,Rent,EXPENSE,2024-07-29
70.58350828012500,Entertainment,Streaming Service,EXPENSE,2024-07-09
126.88547931541200,Shopping,Mall,EXPENSE,2024-07-02
164.33750536999000,Miscellaneous,Gift Shop,EXPENSE,2024-07-23
78.99206895904490,Dining,Cafe,EXPENSE,2024-07-19
171.27853611075700,Transportation,Public Transit,EXPENSE,2024-07-19
66.53189859958030,Entertainment,Cinema,EXPENSE,2024-07-07
135.94560984406000,Transportation,Gas Station,EXPENSE,2024-07-01
225.6998485505230,Healthcare,Doctor,EXPENSE,2024-07-27
80.69683747781190,Shopping,Online Store,EXPENSE,2024-07-11
123.78838635889500,Utilities,Electric Company,EXPENSE,2024-07-27
262.41179984954,Miscellaneous,General Store,EXPENSE,2024-07-31
89.28973371324380,Personal Care,Spa,EXPENSE,2024-07-14
236.1108157507760,Personal Care,Spa,EXPENSE,2024-07-07
506.7611528684470,Cash Buffer,Bank Account,CASHBUFFER,2024-07-28
16666.666666666700,Income,Company Payroll,INCOME,2024-08-01
3333.333333333330,Investment,Investment Account,INVESTMENT,2024-08-01
178.06006110356700,Healthcare,Pharmacy,EXPENSE,2024-08-23
263.4213553372340,Groceries,Grocery Store,EXPENSE,2024-08-02
115.08513184907400,Shopping,Mall,EXPENSE,2024-08-12
138.13619215267700,Groceries,Supermarket,EXPENSE,2024-08-24
230.09468207078900,Miscellaneous,Gift Shop,EXPENSE,2024-08-22
124.76286475126400,Utilities,Electric Company,EXPENSE,2024-08-08
125.6236250466420,Dining,Restaurant,EXPENSE,2024-08-25
214.4909359900990,Healthcare,Pharmacy,EXPENSE,2024-08-05
202.51020770059300,Groceries,Grocery Store,EXPENSE,2024-08-09
116.6700858616460,Dining,Cafe,EXPENSE,2024-08-15
269.86993462512700,Dining,Cafe,EXPENSE,2024-08-26
213.12388223075200,Entertainment,Cinema,EXPENSE,2024-08-24
89.36088724090420,Shopping,Mall,EXPENSE,2024-08-25
60.93232848615470,Utilities,Electric Company,EXPENSE,2024-08-09
234.6510388114890,Housing,Rent,EXPENSE,2024-08-29
259.46978091678100,Transportation,Public Transit,EXPENSE,2024-08-13
243.55387693378200,Entertainment,Streaming Service,EXPENSE,2024-08-11
152.35764381602500,Utilities,Electric Company,EXPENSE,2024-08-25
57.187970528526000,Groceries,Supermarket,EXPENSE,2024-08-06
214.49565281642200,Transportation,Car Loan,EXPENSE,2024-08-10
215.31193734766600,Groceries,Grocery Store,EXPENSE,2024-08-24
83.47774379775430,Miscellaneous,General Store,EXPENSE,2024-08-14
117.51955475403800,Entertainment,Streaming Service,EXPENSE,2024-08-20
280.364809086631,Personal Care,Salon,EXPENSE,2024-08-18
286.5962693361920,Utilities,Water Supplier,EXPENSE,2024-08-30
100.40114038171200,Healthcare,Pharmacy,EXPENSE,2024-08-04
132.5951506950950,Miscellaneous,General Store,EXPENSE,2024-08-16
80.05419181244610,Miscellaneous,General Store,EXPENSE,2024-08-04
161.9433687025260,Transportation,Car Loan,EXPENSE,2024-08-06
237.9545096623340,Miscellaneous,General Store,EXPENSE,2024-08-09
89.45815715928790,Miscellaneous,Gift Shop,EXPENSE,2024-08-10
187.21268302291200,Groceries,Grocery Store,EXPENSE,2024-08-26
224.807842343548,Miscellaneous,General Store,EXPENSE,2024-08-27
214.66467839064900,Dining,Cafe,EXPENSE,2024-08-29
72.15582872296790,Transportation,Public Transit,EXPENSE,2024-08-30
192.5266478167470,Dining,Restaurant,EXPENSE,2024-08-28
148.57582824439800,Groceries,Supermarket,EXPENSE,2024-08-10
152.8748735223770,Transportation,Gas Station,EXPENSE,2024-08-11
261.4574878735190,Shopping,Online Store,EXPENSE,2024-08-07
110.8353457441340,Entertainment,Streaming Service,EXPENSE,2024-08-07
185.3847849718810,Healthcare,Pharmacy,EXPENSE,2024-08-08
165.91260155132400,Healthcare,Doctor,EXPENSE,2024-08-22
176.96610654017500,Groceries,Grocery Store,EXPENSE,2024-08-09
118.18350671052,Healthcare,Doctor,EXPENSE,2024-08-26
282.6851648590270,Entertainment,Cinema,EXPENSE,2024-08-14
184.80645577926000,Utilities,Electric Company,EXPENSE,2024-08-03
158.63759776278000,Healthcare,Pharmacy,EXPENSE,2024-08-29
84.99712535898800,Miscellaneous,Gift Shop,EXPENSE,2024-08-13
246.0222937686320,Shopping,Online Store,EXPENSE,2024-08-26
189.69939854597300,Groceries,Supermarket,EXPENSE,2024-08-16
88.60454668017040,Groceries,Supermarket,EXPENSE,2024-08-31
180.3695058688380,Entertainment,Cinema,EXPENSE,2024-08-20
263.23548020847300,Dining,Restaurant,EXPENSE,2024-08-26
87.19276837651440,Personal Care,Spa,EXPENSE,2024-08-05
159.15668922472700,Personal Care,Spa,EXPENSE,2024-08-26
80.84867737572700,Entertainment,Streaming Service,EXPENSE,2024-08-30
259.30692427264800,Shopping,Mall,EXPENSE,2024-08-05
227.30442430309300,Personal Care,Salon,EXPENSE,2024-08-10
161.15668032466400,Transportation,Gas Station,EXPENSE,2024-08-20
217.21219792280200,Transportation,Car Loan,EXPENSE,2024-08-14
108.9012846157720,Shopping,Online Store,EXPENSE,2024-08-11
295.0937980297230,Healthcare,Doctor,EXPENSE,2024-08-23
243.83823760782000,Shopping,Mall,EXPENSE,2024-08-31
200.190484625487,Miscellaneous,Gift Shop,EXPENSE,2024-08-10
129.59588354879000,Utilities,Electric Company,EXPENSE,2024-08-18
111.34634176421600,Entertainment,Cinema,EXPENSE,2024-08-13
200.53799357314000,Personal Care,Salon,EXPENSE,2024-08-09
75.41319939911690,Healthcare,Doctor,EXPENSE,2024-08-26
246.6005840000480,Healthcare,Doctor,EXPENSE,2024-08-13
75.59037911475280,Shopping,Mall,EXPENSE,2024-08-29
108.5713872036800,Transportation,Public Transit,EXPENSE,2024-08-10
73.32324698401180,Transportation,Car Loan,EXPENSE,2024-08-02
262.84929337373400,Entertainment,Streaming Service,EXPENSE,2024-08-15
163.73360208955200,Utilities,Water Supplier,EXPENSE,2024-08-01
665.4185003107980,Cash Buffer,Bank Account,CASHBUFFER,2024-08-28
16666.666666666700,Income,Company Payroll,INCOME,2024-09-01
3333.333333333330,Investment,Investment Account,INVESTMENT,2024-09-01
101.8478715294400,Utilities,Electric Company,EXPENSE,2024-09-09
234.3207611144290,Groceries,Supermarket,EXPENSE,2024-09-07
104.86757558747100,Entertainment,Cinema,EXPENSE,2024-09-25
268.64806378487900,Housing,Rent,EXPENSE,2024-09-02
164.73472791523600,Entertainment,Streaming Service,EXPENSE,2024-09-18
206.94811568145600,Entertainment,Cinema,EXPENSE,2024-09-25
222.72669182556300,Shopping,Online Store,EXPENSE,2024-09-20
282.9347944721840,Housing,Rent,EXPENSE,2024-09-27
227.18453246272100,Healthcare,Doctor,EXPENSE,2024-09-24
217.31559450071100,Dining,Restaurant,EXPENSE,2024-09-29
225.7539062902900,Housing,Rent,EXPENSE,2024-09-25
273.2330901750800,Shopping,Online Store,EXPENSE,2024-09-11
57.38761858846530,Shopping,Mall,EXPENSE,2024-09-19
112.53251473982800,Utilities,Electric Company,EXPENSE,2024-09-21
222.7867395069840,Transportation,Car Loan,EXPENSE,2024-09-30
165.04031653597900,Utilities,Water Supplier,EXPENSE,2024-09-04
265.21207673141900,Transportation,Gas Station,EXPENSE,2024-09-10
147.80295649544300,Personal Care,Spa,EXPENSE,2024-09-11
163.3991271458750,Shopping,Mall,EXPENSE,2024-09-25
220.29697263210500,Entertainment,Cinema,EXPENSE,2024-09-19
164.54514501065200,Personal Care,Spa,EXPENSE,2024-09-29
111.71202512976200,Miscellaneous,Gift Shop,EXPENSE,2024-09-03
173.94856790112500,Dining,Restaurant,EXPENSE,2024-09-21
207.28015794922200,Transportation,Public Transit,EXPENSE,2024-09-18
296.8339323270730,Transportation,Gas Station,EXPENSE,2024-09-17
287.44960232798000,Groceries,Grocery Store,EXPENSE,2024-09-05
283.9977676661330,Miscellaneous,General Store,EXPENSE,2024-09-09
223.92902734464800,Groceries,Supermarket,EXPENSE,2024-09-23
209.89817431113300,Shopping,Mall,EXPENSE,2024-09-30
80.47976343264120,Entertainment,Cinema,EXPENSE,2024-09-30
84.0980946148646,Housing,Rent,EXPENSE,2024-09-19
232.0998100509090,Utilities,Electric Company,EXPENSE,2024-09-22
249.27773540129400,Shopping,Mall,EXPENSE,2024-09-11
172.9843478910610,Utilities,Water Supplier,EXPENSE,2024-09-30
278.28298185888400,Utilities,Electric Company,EXPENSE,2024-09-20
108.85462628265100,Miscellaneous,General Store,EXPENSE,2024-09-26
180.77170013070500,Entertainment,Cinema,EXPENSE,2024-09-04
151.75181273821400,Shopping,Online Store,EXPENSE,2024-09-27
88.39463918605160,Dining,Cafe,EXPENSE,2024-09-19
71.60293021010920,Housing,Rent,EXPENSE,2024-09-22
199.78115945187000,Healthcare,Doctor,EXPENSE,2024-09-01
59.222235368430900,Utilities,Water Supplier,EXPENSE,2024-09-29
171.55877976991200,Housing,Rent,EXPENSE,2024-09-10
190.32296351898300,Entertainment,Cinema,EXPENSE,2024-09-05
236.45623984657500,Shopping,Online Store,EXPENSE,2024-09-15
164.13652441142400,Shopping,Mall,EXPENSE,2024-09-17
209.67083389591500,Entertainment,Streaming Service,EXPENSE,2024-09-23
187.18286760696400,Groceries,Grocery Store,EXPENSE,2024-09-11
62.23332742699140,Dining,Restaurant,EXPENSE,2024-09-04
143.66383683770200,Dining,Cafe,EXPENSE,2024-09-17
175.96010141493900,Personal Care,Salon,EXPENSE,2024-09-27
152.52932035653000,Dining,Restaurant,EXPENSE,2024-09-14
133.98649290495500,Entertainment,Cinema,EXPENSE,2024-09-07
52.75011102199460,Transportation,Public Transit,EXPENSE,2024-09-25
209.8451458196630,Dining,Restaurant,EXPENSE,2024-09-28
234.46399003081700,Dining,Restaurant,EXPENSE,2024-09-04
227.2320026526710,Housing,Rent,EXPENSE,2024-09-03
118.1858794672550,Personal Care,Spa,EXPENSE,2024-09-13
144.13452703902800,Miscellaneous,Gift Shop,EXPENSE,2024-09-23
162.12526775728200,Entertainment,Streaming Service,EXPENSE,2024-09-03
103.5921527294360,Dining,Cafe,EXPENSE,2024-09-26
183.1439191616070,Groceries,Supermarket,EXPENSE,2024-09-13
129.49013206611600,Transportation,Car Loan,EXPENSE,2024-09-30
252.3468477768150,Miscellaneous,Gift Shop,EXPENSE,2024-09-30
91.48568140654060,Dining,Cafe,EXPENSE,2024-09-16
278.5672150453020,Housing,Rent,EXPENSE,2024-09-15
57.87182806831690,Personal Care,Spa,EXPENSE,2024-09-12
264.75041405663100,Utilities,Water Supplier,EXPENSE,2024-09-20
205.58227846996500,Dining,Cafe,EXPENSE,2024-09-08
231.36791926952700,Entertainment,Cinema,EXPENSE,2024-09-22
205.70280936023400,Groceries,Supermarket,EXPENSE,2024-09-18
550.8236398422690,Cash Buffer,Bank Account,CASHBUFFER,2024-09-28
16666.666666666700,Income,Company Payroll,INCOME,2024-10-01
3333.333333333330,Investment,Investment Account,INVESTMENT,2024-10-01
190.73041556532800,Entertainment,Cinema,EXPENSE,2024-10-28
146.95985741828300,Entertainment,Cinema,EXPENSE,2024-10-15
147.5997526836470,Healthcare,Doctor,EXPENSE,2024-10-18
262.03715156703200,Groceries,Grocery Store,EXPENSE,2024-10-12
264.16704201222000,Shopping,Online Store,EXPENSE,2024-10-18
240.92589576559300,Entertainment,Cinema,EXPENSE,2024-10-17
290.0678153780670,Healthcare,Pharmacy,EXPENSE,2024-10-20
206.90244910489500,Groceries,Supermarket,EXPENSE,2024-10-29
175.9415305149570,Healthcare,Doctor,EXPENSE,2024-10-05
60.85563272535780,Healthcare,Doctor,EXPENSE,2024-10-21
220.68709225983500,Shopping,Online Store,EXPENSE,2024-10-08
65.74147196320120,Groceries,Supermarket,EXPENSE,2024-10-24
67.63138671786610,Groceries,Grocery Store,EXPENSE,2024-10-15
239.8089525069880,Housing,Rent,EXPENSE,2024-10-05
197.60238103450500,Utilities,Water Supplier,EXPENSE,2024-10-09
115.40798076857500,Groceries,Supermarket,EXPENSE,2024-10-09
271.4230953390000,Dining,Restaurant,EXPENSE,2024-10-08
229.14477003210900,Entertainment,Streaming Service,EXPENSE,2024-10-31
106.9102451266710,Personal Care,Salon,EXPENSE,2024-10-02
133.29444498656800,Personal Care,Salon,EXPENSE,2024-10-21
165.4237771352600,Dining,Cafe,EXPENSE,2024-10-02
168.3292119820930,Housing,Rent,EXPENSE,2024-10-09
283.9039344206050,Groceries,Supermarket,EXPENSE,2024-10-01
239.81972771453900,Utilities,Electric Company,EXPENSE,2024-10-02
230.99199939631400,Miscellaneous,General Store,EXPENSE,2024-10-24
188.78638314235200,Housing,Rent,EXPENSE,2024-10-24
256.29876379827300,Transportation,Car Loan,EXPENSE,2024-10-08
255.21042531907400,Entertainment,Streaming Service,EXPENSE,2024-10-05
264.9822095532300,Entertainment,Cinema,EXPENSE,2024-10-15
93.59309869506860,Transportation,Car Loan,EXPENSE,2024-10-27
51.486423407131400,Healthcare,Pharmacy,EXPENSE,2024-10-28
128.8131756179530,Groceries,Grocery Store,EXPENSE,2024-10-25
57.85524581092210,Transportation,Gas Station,EXPENSE,2024-10-10
259.9716309613760,Shopping,Mall,EXPENSE,2024-10-14
165.98825305370600,Dining,Cafe,EXPENSE,2024-10-04
230.4253749438330,Dining,Cafe,EXPENSE,2024-10-09
267.51799759608800,Miscellaneous,General Store,EXPENSE,2024-10-21
182.5556917890070,Housing,Rent,EXPENSE,2024-10-27
131.34109160717000,Dining,Cafe,EXPENSE,2024-10-07
288.78618159450500,Shopping,Mall,EXPENSE,2024-10-03
255.09852944868200,Utilities,Water Supplier,EXPENSE,2024-10-18
142.19503745050000,Personal Care,Salon,EXPENSE,2024-10-23
91.43460078323860,Housing,Rent,EXPENSE,2024-10-24
187.473155189602,Dining,Restaurant,EXPENSE,2024-10-01
105.24412546368900,Dining,Restaurant,EXPENSE,2024-10-01
57.52419861209460,Transportation,Gas Station,EXPENSE,2024-10-21
157.39765585374600,Personal Care,Spa,EXPENSE,2024-10-10
262.17899528620300,Shopping,Mall,EXPENSE,2024-10-21
235.71615197275200,Utilities,Water Supplier,EXPENSE,2024-10-01
64.42659609488100,Housing,Rent,EXPENSE,2024-10-30
168.20641632683600,Shopping,Mall,EXPENSE,2024-10-21
54.06577246977200,Utilities,Electric Company,EXPENSE,2024-10-26
290.57039672380200,Dining,Cafe,EXPENSE,2024-10-22
165.57373863984900,Transportation,Gas Station,EXPENSE,2024-10-06
248.35684415597900,Miscellaneous,Gift Shop,EXPENSE,2024-10-23
200.8913288504000,Housing,Rent,EXPENSE,2024-10-25
294.0611387625230,Dining,Cafe,EXPENSE,2024-10-10
105.57842000623700,Entertainment,Cinema,EXPENSE,2024-10-18
282.4459677772300,Utilities,Water Supplier,EXPENSE,2024-10-19
253.47322180742000,Groceries,Supermarket,EXPENSE,2024-10-19
91.96727313074490,Groceries,Supermarket,EXPENSE,2024-10-06
71.4786423986373,Healthcare,Pharmacy,EXPENSE,2024-10-04
173.35432591870900,Utilities,Water Supplier,EXPENSE,2024-10-29
92.40796912742040,Transportation,Public Transit,EXPENSE,2024-10-13
233.60508549866400,Miscellaneous,Gift Shop,EXPENSE,2024-10-25
128.0670053429910,Utilities,Water Supplier,EXPENSE,2024-10-30
70.52152142850100,Transportation,Car Loan,EXPENSE,2024-10-13
262.73543029390300,Healthcare,Pharmacy,EXPENSE,2024-10-08
88.84696353575220,Dining,Cafe,EXPENSE,2024-10-12
58.82518315038090,Dining,Restaurant,EXPENSE,2024-10-28
275.15947508908100,Shopping,Online Store,EXPENSE,2024-10-15
618.5322057339200,Cash Buffer,Bank Account,CASHBUFFER,2024-10-28
16666.666666666700,Income,Company Payroll,INCOME,2024-11-01
3333.333333333330,Investment,Investment Account,INVESTMENT,2024-11-01
61.61467025232890,Housing,Rent,EXPENSE,2024-11-08
167.91702484423800,Miscellaneous,General Store,EXPENSE,2024-11-25
192.57208426844700,Housing,Rent,EXPENSE,2024-11-16
76.27388362673840,Healthcare,Doctor,EXPENSE,2024-11-25
216.06519735156000,Housing,Rent,EXPENSE,2024-11-01
204.4448101361050,Utilities,Electric Company,EXPENSE,2024-11-22
289.4085227668570,Entertainment,Cinema,EXPENSE,2024-11-26
191.06452484879600,Healthcare,Pharmacy,EXPENSE,2024-11-24
112.46014546368900,Dining,Cafe,EXPENSE,2024-11-03
186.95666668006700,Entertainment,Streaming Service,EXPENSE,2024-11-08
99.29628407311010,Utilities,Water Supplier,EXPENSE,2024-11-20
164.82232526710800,Shopping,Online Store,EXPENSE,2024-11-24
61.49282057969740,Shopping,Online Store,EXPENSE,2024-11-09
179.63641951943900,Groceries,Supermarket,EXPENSE,2024-11-06
101.86688612894000,Utilities,Electric Company,EXPENSE,2024-11-16
150.40235365098900,Dining,Cafe,EXPENSE,2024-11-18
73.15558463318340,Personal Care,Spa,EXPENSE,2024-11-06
156.5160329056010,Dining,Restaurant,EXPENSE,2024-11-18
261.02072177510700,Entertainment,Cinema,EXPENSE,2024-11-09
145.89206518603800,Miscellaneous,General Store,EXPENSE,2024-11-23
185.83026614172500,Housing,Rent,EXPENSE,2024-11-09
129.3073607522040,Housing,Rent,EXPENSE,2024-11-05
247.4428762055530,Dining,Restaurant,EXPENSE,2024-11-16
101.2310141014810,Shopping,Mall,EXPENSE,2024-11-07
115.38722402904100,Entertainment,Cinema,EXPENSE,2024-11-29
196.58786749208200,Shopping,Online Store,EXPENSE,2024-11-12
226.99005628596400,Miscellaneous,General Store,EXPENSE,2024-11-28
88.60461833500130,Miscellaneous,General Store,EXPENSE,2024-11-16
106.7521976993090,Entertainment,Streaming Service,EXPENSE,2024-11-29
246.30677512136600,Miscellaneous,Gift Shop,EXPENSE,2024-11-28
270.2493380640150,Transportation,Gas Station,EXPENSE,2024-11-15
124.39494252385400,Dining,Cafe,EXPENSE,2024-11-11
70.1852515177844,Healthcare,Doctor,EXPENSE,2024-11-08
182.65719837241300,Groceries,Grocery Store,EXPENSE,2024-11-24
225.02535115792900,Transportation,Public Transit,EXPENSE,2024-11-06
274.01261293195400,Housing,Rent,EXPENSE,2024-11-30
120.44496805559700,Utilities,Water Supplier,EXPENSE,2024-11-23
100.92265529831700,Healthcare,Doctor,EXPENSE,2024-11-20
228.3424068497100,Groceries,Grocery Store,EXPENSE,2024-11-16
272.7373213005970,Utilities,Water Supplier,EXPENSE,2024-11-08
225.95045561917800,Dining,Cafe,EXPENSE,2024-11-10
70.46733690005340,Entertainment,Streaming Service,EXPENSE,2024-11-24
251.2039874804950,Utilities,Electric Company,EXPENSE,2024-11-10
59.61219415260120,Dining,Cafe,EXPENSE,2024-11-19
91.1161663285813,Shopping,Mall,EXPENSE,2024-11-21
289.097529047404,Groceries,Supermarket,EXPENSE,2024-11-16
158.63666295221800,Personal Care,Spa,EXPENSE,2024-11-08
267.8731317208750,Groceries,Supermarket,EXPENSE,2024-11-12
60.7876992430668,Utilities,Electric Company,EXPENSE,2024-11-27
216.61772620841500,Groceries,Supermarket,EXPENSE,2024-11-03
232.3327071760490,Shopping,Mall,EXPENSE,2024-11-23
60.17597492405450,Personal Care,Salon,EXPENSE,2024-11-13
263.92188231722500,Dining,Cafe,EXPENSE,2024-11-08
90.14257866543160,Entertainment,Streaming Service,EXPENSE,2024-11-01
254.08228653696200,Personal Care,Spa,EXPENSE,2024-11-19
167.03773195456600,Utilities,Water Supplier,EXPENSE,2024-11-27
273.72640118333500,Entertainment,Cinema,EXPENSE,2024-11-15
169.22689027409800,Housing,Rent,EXPENSE,2024-11-30
265.7640568863350,Entertainment,Cinema,EXPENSE,2024-11-05
192.86264664505900,Groceries,Grocery Store,EXPENSE,2024-11-03
75.79807011062390,Groceries,Grocery Store,EXPENSE,2024-11-30
147.15748506062800,Housing,Rent,EXPENSE,2024-11-17
247.8315845599830,Transportation,Car Loan,EXPENSE,2024-11-11
58.24231455885100,Housing,Rent,EXPENSE,2024-11-13
225.06436756572400,Personal Care,Salon,EXPENSE,2024-11-29
248.2323472680990,Healthcare,Pharmacy,EXPENSE,2024-11-22
236.70913974567700,Entertainment,Streaming Service,EXPENSE,2024-11-14
74.17356079754740,Dining,Restaurant,EXPENSE,2024-11-02
216.36834493505100,Transportation,Public Transit,EXPENSE,2024-11-08
229.37744695583500,Entertainment,Streaming Service,EXPENSE,2024-11-03
276.27002641426400,Entertainment,Streaming Service,EXPENSE,2024-11-16
262.3526030058790,Housing,Rent,EXPENSE,2024-11-27
256.1377338110810,Transportation,Gas Station,EXPENSE,2024-11-28
512.6909361341530,Cash Buffer,Bank Account,CASHBUFFER,2024-11-28
16666.666666666700,Income,Company Payroll,INCOME,2024-12-01
3333.333333333330,Investment,Investment Account,INVESTMENT,2024-12-01
226.22058410079100,Healthcare,Pharmacy,EXPENSE,2024-12-23
236.8053884596700,Groceries,Grocery Store,EXPENSE,2024-12-02
207.32024801565200,Transportation,Public Transit,EXPENSE,2024-12-25
132.1862854634660,Miscellaneous,General Store,EXPENSE,2024-12-18
288.5351374640550,Healthcare,Doctor,EXPENSE,2024-12-03
214.64468688928200,Transportation,Gas Station,EXPENSE,2024-12-19
214.88811449641500,Utilities,Electric Company,EXPENSE,2024-12-23
202.76210085025700,Groceries,Supermarket,EXPENSE,2024-12-24
248.14021177277400,Miscellaneous,Gift Shop,EXPENSE,2024-12-04
150.8268556403330,Utilities,Electric Company,EXPENSE,2024-12-23
196.31888296587800,Utilities,Electric Company,EXPENSE,2024-12-05
93.96797468828730,Transportation,Gas Station,EXPENSE,2024-12-31
169.70486511816600,Utilities,Electric Company,EXPENSE,2024-12-25
217.85430078773700,Entertainment,Streaming Service,EXPENSE,2024-12-08
63.64314444135010,Housing,Rent,EXPENSE,2024-12-08
86.10473824592070,Housing,Rent,EXPENSE,2024-12-02
257.4964937197460,Utilities,Water Supplier,EXPENSE,2024-12-08
209.44360064660400,Miscellaneous,Gift Shop,EXPENSE,2024-12-30
134.4083650153570,Miscellaneous,Gift Shop,EXPENSE,2024-12-08
63.90247975486580,Personal Care,Salon,EXPENSE,2024-12-22
97.1099178117013,Entertainment,Streaming Service,EXPENSE,2024-12-31
121.95911793027500,Transportation,Gas Station,EXPENSE,2024-12-19
92.11567650982830,Housing,Rent,EXPENSE,2024-12-19
139.33309313721600,Healthcare,Doctor,EXPENSE,2024-12-27
260.12702619025100,Entertainment,Streaming Service,EXPENSE,2024-12-26
60.07780215110090,Dining,Cafe,EXPENSE,2024-12-02
239.32549000470900,Healthcare,Pharmacy,EXPENSE,2024-12-07
51.21483991955760,Miscellaneous,Gift Shop,EXPENSE,2024-12-05
90.14138694924130,Personal Care,Spa,EXPENSE,2024-12-01
212.48429616819700,Shopping,Online Store,EXPENSE,2024-12-14
135.47603064591600,Entertainment,Streaming Service,EXPENSE,2024-12-26
82.01562870886340,Entertainment,Streaming Service,EXPENSE,2024-12-09
155.39488232705300,Miscellaneous,General Store,EXPENSE,2024-12-24
133.98544160817800,Groceries,Grocery Store,EXPENSE,2024-12-18
221.2732342275530,Groceries,Supermarket,EXPENSE,2024-12-12
294.01781163715300,Shopping,Online Store,EXPENSE,2024-12-10
125.7356422141940,Transportation,Gas Station,EXPENSE,2024-12-04
68.05713567540070,Entertainment,Cinema,EXPENSE,2024-12-16
123.09578331558200,Groceries,Supermarket,EXPENSE,2024-12-06
143.52108918280900,Healthcare,Pharmacy,EXPENSE,2024-12-03
83.23249394206400,Shopping,Online Store,EXPENSE,2024-12-01
91.00787864369030,Personal Care,Salon,EXPENSE,2024-12-06
246.79608431101500,Personal Care,Spa,EXPENSE,2024-12-28
112.5067050033090,Shopping,Online Store,EXPENSE,2024-12-05
74.44425537297890,Miscellaneous,Gift Shop,EXPENSE,2024-12-27
145.2543980055510,Healthcare,Pharmacy,EXPENSE,2024-12-10
107.69588826240400,Personal Care,Spa,EXPENSE,2024-12-05
56.59486869965960,Shopping,Mall,EXPENSE,2024-12-16
248.17399520962800,Groceries,Grocery Store,EXPENSE,2024-12-17
95.24177662814210,Entertainment,Cinema,EXPENSE,2024-12-21
291.5328141766270,Utilities,Electric Company,EXPENSE,2024-12-14
286.98683170072700,Dining,Restaurant,EXPENSE,2024-12-20
146.8677238976760,Transportation,Public Transit,EXPENSE,2024-12-29
277.9061655333770,Healthcare,Pharmacy,EXPENSE,2024-12-20
237.88720864368800,Healthcare,Pharmacy,EXPENSE,2024-12-08
280.5144656713390,Miscellaneous,General Store,EXPENSE,2024-12-27
222.3991740557910,Housing,Rent,EXPENSE,2024-12-28
69.26026791599550,Groceries,Grocery Store,EXPENSE,2024-12-23
122.91577794266300,Utilities,Water Supplier,EXPENSE,2024-12-09
258.7776910924710,Dining,Cafe,EXPENSE,2024-12-03
94.61782541228320,Housing,Rent,EXPENSE,2024-12-12
267.5135762971050,Miscellaneous,Gift Shop,EXPENSE,2024-12-27
148.46012733971200,Dining,Restaurant,EXPENSE,2024-12-02
272.2180924884210,Transportation,Gas Station,EXPENSE,2024-12-30
91.74481186596250,Personal Care,Salon,EXPENSE,2024-12-29
175.77187731561600,Housing,Rent,EXPENSE,2024-12-29
195.23300815883600,Dining,Cafe,EXPENSE,2024-12-26
263.5351789949360,Housing,Rent,EXPENSE,2024-12-22
243.12364111630300,Entertainment,Cinema,EXPENSE,2024-12-30
140.9499879010930,Healthcare,Pharmacy,EXPENSE,2024-12-31
246.35538671149500,Transportation,Car Loan,EXPENSE,2024-12-15
99.89965661826760,Groceries,Supermarket,EXPENSE,2024-12-31
109.38924741974300,Groceries,Grocery Store,EXPENSE,2024-12-15
220.29407518620000,Healthcare,Pharmacy,EXPENSE,2024-12-08
285.24773197914100,Healthcare,Pharmacy,EXPENSE,2024-12-30
561.346858968036,Cash Buffer,Bank Account,CASHBUFFER,2024-12-28